UserId,0,1,2,3,4,5,6
A2FQZKL2KIZACO,"('B000YJ2SKM', 4.804452594192564)","('B004GIM68G', 4.796287980401125)","('B002LB75AO', 4.788476868670799)","('B005HO0A1I', 4.774890527358885)","('B0092MCO88', 4.774423315628329)","('B00F008GFQ', 4.753237977793518)","('B00013YYS0', 4.713892906185794)"
A3TYR1ALBZ2EU9,"('B004WC2H8A', 4.862481995144553)","('B004GIM68G', 4.858326744285706)","('B000YJ2SKM', 4.834826560047033)","('B002LB75AO', 4.8254489125432025)","('B004S9SEWK', 4.825221622957414)","('B004ITB3IW', 4.815280813353266)","('B00014D5O8', 4.806317045198751)"
A2VOGNBUMXSW13,"('B002LB75AO', 4.2378776549849695)","('B004GIM68G', 4.174066206378684)","('B004ITB3IW', 4.125511741854608)","('B002LFLPEC', 4.116484638738736)","('B000YJ2SKM', 4.104836200059143)","('B000C1Z29Q', 4.082799193760819)","('B001ECQ4YO', 4.073340664126828)"
A3AZI828WJN1CD,"('B002LB75AO', 4.655899660326016)","('B000YJ2SKM', 4.617626249797842)","('B002LFLPEC', 4.611320302561907)","('B0010XUU9M', 4.605331487577573)","('B004Z209HS', 4.596193487759422)","('B000142C1A', 4.589428888136042)","('B000P257CO', 4.575699994122172)"
A287547UH1VBJ7,"('B00013YYS0', 5.0)","('B000UGVVHK', 5.0)","('B000YJ2SKM', 5.0)","('B0013CSGBE', 5.0)","('B002LB75AO', 5.0)","('B002LFLPEC', 5.0)","('B004WC2H8A', 5.0)"
A3S3R88HA0HZG3,"('B00013YYS0', 5.0)","('B000YJ2SKM', 5.0)","('B002LB75AO', 5.0)","('B004GIM68G', 5.0)","('B00DCNBST4', 5.0)","('B001ECQ4YO', 4.98710890794891)","('B005HO0A1I', 4.984887819998188)"
A33AQPJYH7UUXR,"('B000YJ2SKM', 5.0)","('B002LB75AO', 5.0)","('B004GIM68G', 5.0)","('B004YZMKKU', 5.0)","('B0010XUU9M', 4.981927861347048)","('B00IP42FBA', 4.957216315431606)","('B00DCNBST4', 4.952671792035618)"
A22CW0ZHY3NJH8,"('B000YJ2SKM', 4.858807726925253)","('B002LB75AO', 4.8371350082464515)","('B004GIM68G', 4.836882676035521)","('B005HO0A1I', 4.791861783268767)","('B00IP42FBA', 4.791510789313044)","('B00DCNBST4', 4.7687305156884605)","('B00CYDSAO4', 4.748441144352079)"
A1IU7S4HCK1XK0,"('B000YJ2SKM', 5.0)","('B004GIM68G', 5.0)","('B002LB75AO', 4.992124818111643)","('B004Z209HS', 4.980047170310075)","('B004WC2H8A', 4.9714824591353155)","('B000142C1A', 4.969119181537736)","('B0018DAUKI', 4.961612796587476)"
A281NPSIMI1C2R,"('B000YJ2SKM', 5.0)","('B002LB75AO', 5.0)","('B004GIM68G', 5.0)","('B00IP42FBA', 5.0)","('B001ECQ4YO', 4.966180095681638)","('B004WC2H8A', 4.963293381891393)","('B005HO0A1I', 4.962344611353388)"
AKMEY1BSHSDG7,"('B000142C1A', 5.0)","('B00014D5O8', 5.0)","('B000YJ2SKM', 5.0)","('B0010XUU9M', 5.0)","('B0013CSGBE', 5.0)","('B0018DAUKI', 5.0)","('B002LB75AO', 5.0)"
A2F09EWKV3MTO2,"('B00IP42FBA', 4.425771742285809)","('B002LFLPEC', 4.385977228337033)","('B002LB75AO', 4.3731113382830396)","('B00DCNBST4', 4.356200795362025)","('B005HO0A1I', 4.348488751585416)","('B000YJ2SKM', 4.343638000231099)","('B001EWF2SI', 4.318199834030299)"
ADMPGWBF0BC9W,"('B00013YYS0', 5.0)","('B000142C1A', 5.0)","('B000OW9QCW', 5.0)","('B000UGVVHK', 5.0)","('B000YJ2SKM', 5.0)","('B0010XUU9M', 5.0)","('B0012RQZ72', 5.0)"
A96FRN3LGYUX9,"('B000YJ2SKM', 4.710460254022969)","('B004GIM68G', 4.672307500624457)","('B002LB75AO', 4.671217001584287)","('B00DCNBST4', 4.633764601047943)","('B00013YYS0', 4.6324064375946294)","('B004Z209HS', 4.619693743303822)","('B004YZMKKU', 4.60850850781827)"
A3BFDEBT5IV4UN,"('B004YZMKKU', 4.461104959471971)","('B000AA5VZY', 4.414277613447465)","('B000142C1A', 4.36845585150958)","('B000YJ2SKM', 4.367653780516983)","('B0010XUU9M', 4.354083742316756)","('B00011QTZI', 4.3081521362560276)","('B001ECQ4YO', 4.293629909030238)"
A1HBTW5M7ZZ9PT,"('B0029OAL86', 4.925095237322492)","('B000YJ2SKM', 4.923354615515358)","('B0089JVDPK', 4.873650753552243)","('B001ECQ4YO', 4.873144872045033)","('B00DCNBST4', 4.865379562147502)","('B000Q2RP7I', 4.8627889824061645)","('B00IP42FBA', 4.861155610960845)"
A3CTOYWB73TMM0,"('B000YJ2SKM', 5.0)","('B0013CSGBE', 5.0)","('B001EWF2SI', 5.0)","('B0029OAL86', 5.0)","('B002LB75AO', 5.0)","('B004B9C8MO', 5.0)","('B004ITB3IW', 5.0)"
A1KSC91G9AIY2Z,"('B000YJ2SKM', 4.420851943066267)","('B00DCNBST4', 4.334448338879494)","('B00IP42FBA', 4.328894310003825)","('B002LB75AO', 4.312530764025967)","('B004GIM68G', 4.30242257264288)","('B004Z209HS', 4.300899911442501)","('B0013CSGBE', 4.29048379508494)"
A3J1XDOKRNRA6M,"('B000YJ2SKM', 4.172045002384705)","('B0089JVDPK', 4.120411244997512)","('B004Z209HS', 4.08578512174732)","('B0012RQZ72', 4.060671483376299)","('B000142C1A', 4.033880224220772)","('B004GIM68G', 4.02479655094651)","('B001ECQ4YO', 4.0228574381426965)"
AE7V92R2LVEJF,"('B00011QTZI', 5.0)","('B00013YYS0', 5.0)","('B000142C1A', 5.0)","('B0001TQ9WI', 5.0)","('B00021CNCK', 5.0)","('B000C1VWCM', 5.0)","('B000GCW1P4', 5.0)"
A2NIUVVH46ZDTH,"('B00013YYS0', 5.0)","('B000142C1A', 5.0)","('B000YJ2SKM', 5.0)","('B0010XUU9M', 5.0)","('B0012RQZ72', 5.0)","('B0013CSGBE', 5.0)","('B001ECQ4YO', 5.0)"
A2CHH5P055A0KL,"('B002LB75AO', 5.0)","('B000YJ2SKM', 4.986631473556337)","('B004GIM68G', 4.950578019643606)","('B004B9C8MO', 4.945512889413227)","('B005HO0A1I', 4.944347480628499)","('B00DCNBST4', 4.928574921264142)","('B00ALV8EL0', 4.924049050278886)"
A34BZM6S9L7QI4,"('B004GIM68G', 4.8223894778088345)","('B005HO0A1I', 4.806496798225785)","('B004YZMKKU', 4.789871424280528)","('B002LB75AO', 4.787741439193174)","('B000142C1A', 4.7703449740893396)","('B00F008GFQ', 4.764245288133572)","('B002LFLPEC', 4.7593391987145095)"
APYKGTU0LFICH,"('B0010XUU9M', 3.534969509273278)","('B002LB75AO', 3.512682619611464)","('B001ECQ4YO', 3.4558097166370834)","('B000142C1A', 3.454668878240364)","('B00011QTZI', 3.450618255839765)","('B004ITB3IW', 3.442392174733188)","('B004GIM68G', 3.4395702278041718)"
A2WW57XX2UVLM6,"('B000YJ2SKM', 4.678425860127457)","('B004Z209HS', 4.620173029145188)","('B004GIM68G', 4.619903595875137)","('B002LB75AO', 4.597844902687828)","('B005HO0A1I', 4.585001042257995)","('B00013YYS0', 4.581064973882997)","('B00IP42FBA', 4.54943014678566)"
AK7CAW3N1XZV6,"('B000YJ2SKM', 4.780959889535148)","('B001ECQ4YO', 4.678805425689504)","('B004GIM68G', 4.642161580042575)","('B002LB75AO', 4.619699624674627)","('B00DCNBST4', 4.56952432511703)","('B00CYDSAO4', 4.550186013004549)","('B0089JVDPK', 4.540295268496542)"
A2Y4S4CNGKF21S,"('B0089JVDPK', 4.1213278280610774)","('B0092MCO88', 4.044071101182704)","('B002LB75AO', 4.02695877720308)","('B00011QTZI', 4.001876407743982)","('B00GTBZXA6', 4.000480584767357)","('B0019N6RFO', 3.9924731245880736)","('B006UET5UG', 3.992271036787821)"
A1PAGHECG401K1,"('B001ECQ4YO', 4.918562481737712)","('B0013CSGBE', 4.887641951496285)","('B005HO0A1I', 4.876196134806401)","('B000142C1A', 4.868487164439476)","('B0089JVDPK', 4.864689823011817)","('B004Z209HS', 4.861805351918375)","('B000EEX7TI', 4.860993252191973)"
A2OWR5G2OAQF7C,"('B000YJ2SKM', 4.973932556139908)","('B002LB75AO', 4.958424443502698)","('B001ECQ4YO', 4.894719694198056)","('B0029OAL86', 4.893751217065828)","('B00DCNBST4', 4.889438582051073)","('B005HO0A1I', 4.885577509447383)","('B0089JVDPK', 4.875625862219146)"
AYOMAHLWRQHUG,"('B000YJ2SKM', 4.586458772734193)","('B001ECQ4YO', 4.525686186650081)","('B002LB75AO', 4.5242100465534545)","('B004GIM68G', 4.50807694834351)","('B00IP42FBA', 4.5045315690810295)","('B0089JVDPK', 4.493983920849948)","('B00013YYS0', 4.490071950952426)"
A132ETQPMHQ585,"('B000142C1A', 5.0)","('B000YJ2SKM', 5.0)","('B0010XUU9M', 5.0)","('B0013CSGBE', 5.0)","('B0018DAUKI', 5.0)","('B001ECQ4YO', 5.0)","('B002LB75AO', 5.0)"
A1EF37KYK7PRLV,"('B004YZMKKU', 4.988725426559925)","('B002LB75AO', 4.981230952143734)","('B000YJ2SKM', 4.921790075639833)","('B004B9C8MO', 4.919917324879417)","('B00IP42FBA', 4.906011697227153)","('B0018DAUKI', 4.893386261706559)","('B00DCNBST4', 4.891157864452942)"
A3FA78E0G3G4GQ,"('B00013YYS0', 5.0)","('B000YJ2SKM', 5.0)","('B004GIM68G', 5.0)","('B005HO0A1I', 5.0)","('B002LB75AO', 4.997232187584978)","('B004WC2H8A', 4.996248855919576)","('B004YZMKKU', 4.984759530749591)"
A2ILV6IPPW6W7I,"('B000YJ2SKM', 4.569767964188319)","('B00DCNBST4', 4.533490211328487)","('B002LB75AO', 4.529170719777173)","('B00CYDSAO4', 4.510411596668915)","('B005HO0A1I', 4.50170849638919)","('B00H93NJLS', 4.493615273698599)","('B00F008GFQ', 4.490024658330525)"
ACZ94JB8BFMJ9,"('9790790961', 5.0)","('B000052YJM', 5.0)","('B000052YP6', 5.0)","('B0000535UM', 5.0)","('B0000535UT', 5.0)","('B0000536M2', 5.0)","('B00005REAT', 5.0)"
A3FLMF8FG4VPG8,"('B00013YYS0', 5.0)","('B000142C1A', 5.0)","('B000C1VT9S', 5.0)","('B000EEX7TI', 5.0)","('B000HKCA7Y', 5.0)","('B000UGVVHK', 5.0)","('B000YJ2SKM', 5.0)"
A3M174IC0VXOS2,"('B000YJ2SKM', 4.742945340767518)","('B004Z209HS', 4.732804569468147)","('B002LB75AO', 4.710173756951719)","('B005HO0A1I', 4.68587786897007)","('B0013CSGBE', 4.676464128725102)","('B00IP42FBA', 4.658788540173534)","('B00DCNBST4', 4.657338721645226)"
A3EPHBMU07LZ50,"('B002LB75AO', 5.0)","('B004GIM68G', 5.0)","('B000YJ2SKM', 4.993769025687089)","('B001ECQ4YO', 4.98525432741193)","('B00IP42FBA', 4.979981079907804)","('B004Z209HS', 4.968731824952265)","('B005HO0A1I', 4.954416397336445)"
A1TPW86OHXTXFC,"('B002LB75AO', 4.512220963184837)","('B004Z209HS', 4.492374750789068)","('B000YJ2SKM', 4.491971788510723)","('B00IP42FBA', 4.488733882604301)","('B0013CSGBE', 4.483385739062596)","('B004GIM68G', 4.45551464093944)","('B001ECQ4YO', 4.449725550930647)"
A3QNV9LUNM589P,"('B0000Y3D4G', 5.0)","('B00011QTZI', 5.0)","('B00013YYS0', 5.0)","('B000142C1A', 5.0)","('B00014D5O8', 5.0)","('B00016X68Q', 5.0)","('B00021C1LI', 5.0)"
A7T2VY28U2IDB,"('B0013CSGBE', 4.457021761930527)","('B00IP42FBA', 4.43397390172991)","('B004WC2H8A', 4.384505641948757)","('B004Z209HS', 4.340044350974507)","('B003O5NGJK', 4.312999966184042)","('B002LB75AO', 4.295491849294114)","('B003GC4GHM', 4.294128997103217)"
A2C58G8O40YC7T,"('B002LB75AO', 4.599025540469548)","('B000YJ2SKM', 4.586468075518701)","('B001ECQ4YO', 4.526626052158706)","('B00DCNBST4', 4.525932555373979)","('B004GIM68G', 4.506991765236024)","('B004B9C8MO', 4.45844020246067)","('B00011QTZI', 4.456772226109884)"
ALQGOMOY1F5X9,"('B003HG4GQI', 3.292421923043467)","('B00G5WO2VK', 3.2274831168353764)","('B005HO0A1I', 3.2104162618844274)","('B00021W26M', 3.186295782133582)","('B000GCW1P4', 3.183860570745656)","('B001JQLNLY', 3.1807529802643133)","('B000YJ2SKM', 3.1685024465095486)"
A112TFLXGBF6NI,"('B000YJ2SKM', 4.2753552330431726)","('B002LB75AO', 4.261560140314011)","('B004Z209HS', 4.236968255842374)","('B001ECQ4YO', 4.191891287926311)","('B001H54SQ4', 4.181312222545624)","('B00F008GFQ', 4.15740739414323)","('B000UGVVHK', 4.156460470983692)"
ADS99W8WMEXZ2,"('B00011QTZI', 5.0)","('B000142C1A', 5.0)","('B000C1VT0W', 5.0)","('B000F63TW0', 5.0)","('B000P22TIY', 5.0)","('B000Q2RP7I', 5.0)","('B000UGVVHK', 5.0)"
A1ODOGXEYECQQ8,"('B000YJ2SKM', 4.942452155667773)","('B004Z209HS', 4.896487807981107)","('B002LB75AO', 4.891218914421676)","('B004GIM68G', 4.873847167313197)","('B001ECQ4YO', 4.849328097264413)","('B005HO0A1I', 4.837433066005726)","('B00IP42FBA', 4.827477048024068)"
A3315AAN855HYG,"('B000142C1A', 5.0)","('B000YJ2SKM', 5.0)","('B0013CSGBE', 5.0)","('B002LB75AO', 5.0)","('B004GIM68G', 5.0)","('B004YZMKKU', 5.0)","('B004Z209HS', 5.0)"
A2K7V3G4598QRF,"('B000YJ2SKM', 5.0)","('B0029OAL86', 5.0)","('B002LB75AO', 5.0)","('B004GIM68G', 5.0)","('B004Z209HS', 5.0)","('B005HO0A1I', 5.0)","('B0089JVDPK', 5.0)"
A324GIXX5SIYGA,"('B002LB75AO', 4.563073409437075)","('B0013CSGBE', 4.481147891677907)","('B004GIM68G', 4.476463532794795)","('B00011QTZI', 4.456902415241246)","('B0029OAL86', 4.453000070625392)","('B000P257CO', 4.448778127618239)","('B001ECQ4YO', 4.447284886150185)"
A20F84KUBWM88B,"('B002LB75AO', 4.800886250272251)","('B004Z209HS', 4.793068759255572)","('B002LFLPEC', 4.697527263459111)","('B00F008GFQ', 4.693996260954186)","('B00011QTZI', 4.687459996233342)","('B0013CSGBE', 4.682689607603645)","('B005HO0A1I', 4.673333631803743)"
AA1JJNJ5VYI97,"('B0000535UT', 5.0)","('B0000536M2', 5.0)","('B00005REAT', 5.0)","('B00008J2XQ', 5.0)","('B0000UTUW4', 5.0)","('B0000Y3D4G', 5.0)","('B0000Y8H3S', 5.0)"
A2EBR70V6P9W0N,"('B005HO0A1I', 4.457075788202076)","('B002LB75AO', 4.4400021740926565)","('B004WC2H8A', 4.402930898885652)","('B004ITB3IW', 4.387685738673611)","('B00CYDSAO4', 4.386241331321647)","('B004Z209HS', 4.382443254633976)","('B00011QTZI', 4.360029330313458)"
A31RULW0KNYJ5H,"('B002LB75AO', 5.0)","('B000YJ2SKM', 4.97022032520541)","('B004GIM68G', 4.937694422901308)","('B001ECQ4YO', 4.925188346401486)","('B0013CSGBE', 4.9232698117600195)","('B005HO0A1I', 4.91528816636373)","('B0092MCO88', 4.897141152038013)"
A19KOAGQJUXL18,"('B00DCNBST4', 4.1976771464350495)","('B000YJ2SKM', 4.187610125347459)","('B00IP42FBA', 4.183012709227335)","('B004Z209HS', 4.1309151005992915)","('B004ITB3IW', 4.114624200178555)","('B0089JVDPK', 4.10590088978819)","('B003UMNO6C', 4.088043082843831)"
A2FWDBKX76ILA7,"('B000052YP6', 5.0)","('B0000535UT', 5.0)","('B00005REAT', 5.0)","('B00005V5P6', 5.0)","('B00008J2XQ', 5.0)","('B0000UTUW4', 5.0)","('B0000Y3D4G', 5.0)"
A2GJX2KCUSR0EI,"('B004Z209HS', 4.833594552311785)","('B004ITB3IW', 4.806771219749147)","('B002LFLPEC', 4.805727695911573)","('B002LB75AO', 4.799760109259713)","('B004GIM68G', 4.795413781447728)","('B000YJ2SKM', 4.790624691818401)","('B0018DAUKI', 4.775527278183771)"
A2V5R832QCSOMX,"('B000YJ2SKM', 5.0)","('B004GIM68G', 5.0)","('B00IP42FBA', 4.947197942746901)","('B004Z209HS', 4.928284833257082)","('B002LB75AO', 4.922580533413096)","('B004ITB3IW', 4.901295133000685)","('B001ECQ4YO', 4.900713835375104)"
A17W4YG9W016T1,"('B00IP42FBA', 4.480909914103422)","('B004YZMKKU', 4.466186450187893)","('B000YJ2SKM', 4.444752215256105)","('B00013YYS0', 4.442421414895568)","('B0029OAL86', 4.409449120322894)","('B004GIM68G', 4.409221229089697)","('B005HO0A1I', 4.396432863889248)"
AV6823XS14U41,"('B00IP42FBA', 4.225924781914982)","('B000YJ2SKM', 4.21381176100931)","('B004Z209HS', 4.120268449168213)","('B0013CSGBE', 4.113387151795615)","('B0018DAUKI', 4.1058675265028235)","('B002LB75AO', 4.09012335140024)","('B004GIM68G', 4.075559291878581)"
A1GUX6R8DV3ZLY,"('B00IP42FBA', 4.462635306893943)","('B0089JVDPK', 4.427693274546254)","('B0029OAL86', 4.427043320526119)","('B000YJ2SKM', 4.416537954665376)","('B0013CSGBE', 4.40455185286137)","('B00DCNBST4', 4.396957311593161)","('B005HO0A1I', 4.385709670458102)"
A1W415JP5WEAJK,"('B000YJ2SKM', 5.0)","('B001ECQ4YO', 4.9968963581402654)","('B002LB75AO', 4.991998018315875)","('B00IP42FBA', 4.94505978388303)","('B0013CSGBE', 4.920376164214938)","('B003O5NGJK', 4.9132399653811785)","('B005HO0A1I', 4.895312522369687)"
A1XQ0F01CF84Y3,"('B0092SVTGA', 4.551070203498544)","('B002QI1E9K', 4.522747393341176)","('B00IP42FBA', 4.512125765483846)","('B005HO0A1I', 4.511494417607686)","('B004B9C8MO', 4.502342059770522)","('B006Z9UPQO', 4.499028299867395)","('B001ET76EY', 4.48885215489482)"
A1Z54EM24Y40LL,"('B00013YYS0', 5.0)","('B000EEX7TI', 5.0)","('B000P257CO', 5.0)","('B000UGVVHK', 5.0)","('B000YJ2SKM', 5.0)","('B0010XUU9M', 5.0)","('B001ECQ4YO', 5.0)"
A2PATWWZAXHQYA,"('B000YJ2SKM', 4.53743866515213)","('B00IP42FBA', 4.470577370826707)","('B004Z209HS', 4.47057459178092)","('B002LB75AO', 4.4533102707042636)","('B004GIM68G', 4.396639341935023)","('B005HO0A1I', 4.392684915831248)","('B00120U5D4', 4.379594997600685)"
A1QBOC76MIOJYP,"('B002LFLPEC', 4.4582033403685095)","('B000YJ2SKM', 4.44117905573918)","('B004GIM68G', 4.417396388837465)","('B004Z209HS', 4.414577787915875)","('B00013YYS0', 4.393248131569659)","('B004YZMKKU', 4.392823295867078)","('B00IP42FBA', 4.391971992016246)"
A1YRCEF0HM8QVR,"('B0029OAL86', 5.0)","('B002LB75AO', 5.0)","('B0089JVDPK', 5.0)","('B000YJ2SKM', 4.970740916438815)","('B00013YYS0', 4.959680795706399)","('B004WC2H8A', 4.941349422348905)","('B004ITB3IW', 4.933992752511369)"
A3BMI7VGJT60Y7,"('B000YJ2SKM', 4.706430726663094)","('B002LB75AO', 4.653278715307423)","('B004Z209HS', 4.5704128398525015)","('B004GIM68G', 4.565865008151513)","('B0092MCO88', 4.538313041059126)","('B0089JVDPK', 4.5303032634950124)","('B00DCNBST4', 4.5175592982383)"
A24TCT2CY6KY68,"('B004YZMKKU', 4.2949864168243765)","('B00013YYS0', 4.291167642638471)","('B005HO0A1I', 4.289639681899867)","('B001ECQ4YO', 4.284603717033003)","('B002LB75AO', 4.279315116335457)","('B00IP42FBA', 4.274881329737934)","('B000142C1A', 4.269079037494232)"
A2R9M9ALI356JU,"('B002LB75AO', 4.581060215028501)","('B000YJ2SKM', 4.554535893027067)","('B005HO0A1I', 4.5510207593413545)","('B004GIM68G', 4.546316289106588)","('B00F008GFQ', 4.5460973146616945)","('B004Z209HS', 4.5332669273651875)","('B0029OAL86', 4.522623478786078)"
A3HJ8ZPQN5VR7X,"('B00IP42FBA', 3.251415499469878)","('B000YJ2SKM', 3.2023277528367835)","('B004GIM68G', 3.1464913332611006)","('B0013CSGBE', 3.142663037408626)","('B00DCNBST4', 3.1259798869732616)","('B002LB75AO', 3.1226117638168427)","('B006UET5UG', 3.1204158096492134)"
A22QOZZLLIMW6I,"('B000YJ2SKM', 4.902948639453721)","('B004Z209HS', 4.87204615747601)","('B00IP42FBA', 4.866187316194868)","('B002LB75AO', 4.865717007073126)","('B004GIM68G', 4.855221234073104)","('B00F008GFQ', 4.838875064314112)","('B000Q2RP7I', 4.83813391350131)"
A2S7YBFPZX1IGQ,"('B000YJ2SKM', 4.405216188479236)","('B00014D5O8', 4.318222371155294)","('B0089JVDPK', 4.295167690105285)","('B004GIM68G', 4.272797607180881)","('B004Z209HS', 4.272757459108284)","('B001ECQ4YO', 4.2678771853337265)","('B005HO0A1I', 4.2625777231515265)"
A1YLLARX683DKC,"('B00011QTZI', 5.0)","('B00013YYS0', 5.0)","('B000142C1A', 5.0)","('B000Q2RP7I', 5.0)","('B000YJ2SKM', 5.0)","('B00120U5D4', 5.0)","('B0013CSGBE', 5.0)"
A1X5VVJP78U81E,"('B000YJ2SKM', 4.782103083837933)","('B00DCNBST4', 4.77632930571643)","('B004Z209HS', 4.758033802339351)","('B004S9SEWK', 4.755605252703201)","('B0018DAUKI', 4.728557694409621)","('B002LB75AO', 4.722779648291934)","('B0013CSGBE', 4.715924961435152)"
A2HMP5LYU0BF6B,"('B004GIM68G', 4.979087599596454)","('B00DCNBST4', 4.954365300997622)","('B000YJ2SKM', 4.9369948527159675)","('B0013CSGBE', 4.919266194937522)","('B002LB75AO', 4.918409600779028)","('B0089JVDPK', 4.889480231065907)","('B00IP42FBA', 4.879601249367477)"
A1HOPKK8E3MIX6,"('B002LB75AO', 4.520096383549242)","('B000YJ2SKM', 4.47102653228415)","('B0089JVDPK', 4.4409063524815044)","('B004Z209HS', 4.4082863963928)","('B000P22TIY', 4.396630801385424)","('B002VQTI4K', 4.395851487910734)","('B0029OAL86', 4.387452535389739)"
A1DH3QDZX8Z7GO,"('B000YJ2SKM', 4.629594012329518)","('B002LB75AO', 4.600163910342563)","('B004Z209HS', 4.574752295398602)","('B00DCNBST4', 4.557193529050436)","('B005HO0A1I', 4.551878662405928)","('B00IP42FBA', 4.549089653215533)","('B001ECQ4YO', 4.5399326918570955)"
A2G35B0XBEVQTC,"('B00011QTZI', 5.0)","('B000142C1A', 5.0)","('B00021CNCK', 5.0)","('B000C1VT0W', 5.0)","('B000C1VWCM', 5.0)","('B000EBAHHG', 5.0)","('B000F5AFYG', 5.0)"
ANXT431V3MW4Z,"('B00011QTZI', 5.0)","('B00013YYS0', 5.0)","('B000142C1A', 5.0)","('B000F63TW0', 5.0)","('B000P257CO', 5.0)","('B000UGVVHK', 5.0)","('B000YJ2SKM', 5.0)"
A27UE9HJRZ22YI,"('B002LB75AO', 4.546746771401459)","('B004GIM68G', 4.475415381860144)","('B001ECQ4YO', 4.453354928576099)","('B0089JVDPK', 4.42076767964089)","('B0010XUU9M', 4.403533108305568)","('B004ITB3IW', 4.403370945491246)","('B00013YYS0', 4.399403261854899)"
A3091RP0SPZLMN,"('B00IP42FBA', 4.791232556937128)","('B000YJ2SKM', 4.727079203189567)","('B004GIM68G', 4.692485874102277)","('B004YZMKKU', 4.687895586103783)","('B00DCNBST4', 4.68072640984851)","('B002LB75AO', 4.6788378214961135)","('B004Z209HS', 4.664691428184824)"
ADS5APY1NKTL4,"('B0000536M2', 5.0)","('B00005REAT', 5.0)","('B0000Y8H3S', 5.0)","('B00011QTZI', 5.0)","('B00013YYS0', 5.0)","('B000142C1A', 5.0)","('B00014D5O8', 5.0)"
A1DAFWS98LQD2R,"('B004Z209HS', 5.0)","('B004GIM68G', 4.998962216357685)","('B005HO0A1I', 4.953157694842357)","('B004YZMKKU', 4.9402488822310096)","('B000YJ2SKM', 4.939011520032813)","('B00IP42FBA', 4.90548551981955)","('B002LFLPEC', 4.901353073692782)"
A2USMIT2CSA08,"('B0029OAL86', 4.843393847190926)","('B005HO0A1I', 4.759877589697274)","('B006TUS9LC', 4.7408793587290035)","('B004WC2H8A', 4.738517013408812)","('B000YJ2SKM', 4.735113394452099)","('B002LB75AO', 4.717358881189659)","('B00013YYS0', 4.6881925296367815)"
A2K5AFTU4YOPPW,"('B000YJ2SKM', 5.0)","('B002LB75AO', 5.0)","('B004GIM68G', 5.0)","('B002LFLPEC', 4.9399177429364425)","('B00DCNBST4', 4.9365277467643915)","('B004YZMKKU', 4.935693058320156)","('B00HSNWZKU', 4.924552663296368)"
AIIZTJHZLV158,"('B000YJ2SKM', 4.054576130985578)","('B004GIM68G', 3.9859492645199044)","('B0029OAL86', 3.969644257071486)","('B0089JVDPK', 3.948199233283456)","('B004WC2H8A', 3.939042197929011)","('B000EBAHHG', 3.934195052915052)","('B00CYDSAO4', 3.900674338108436)"
A225UWT247BBBH,"('B000UGVVHK', 4.827839921349381)","('B004GIM68G', 4.822659149087644)","('B000142C1A', 4.764435195143563)","('B0010XUU9M', 4.755711427918147)","('B000YJ2SKM', 4.745241912026465)","('B0013CSGBE', 4.72540796647994)","('B004YZMKKU', 4.717234943440052)"
A5A3C6XVDYUND,"('B00013YYS0', 5.0)","('B000142C1A', 5.0)","('B000C1VT9S', 5.0)","('B000EBAHHG', 5.0)","('B000ODNSR0', 5.0)","('B000P22TIY', 5.0)","('B000UGVVHK', 5.0)"
A3JCWGHCVC2ZNF,"('B000YJ2SKM', 4.42217921815777)","('B004GIM68G', 4.347573975524698)","('B004WC2H8A', 4.345471947337049)","('B002LB75AO', 4.338929109072011)","('B001ECQ4YO', 4.336222627748138)","('B00DCNBST4', 4.3292261256614175)","('B00F008GFQ', 4.327748779658557)"
A1R377IPZOKLMM,"('B00011QTZI', 5.0)","('B00013YYS0', 5.0)","('B000142C1A', 5.0)","('B00014D5O8', 5.0)","('B0002Z8QG8', 5.0)","('B000EBAHHG', 5.0)","('B000EEX7TI', 5.0)"
A2AX9C569CKHOJ,"('B002LB75AO', 4.917875997532565)","('B001ECQ4YO', 4.826184376563227)","('B000YJ2SKM', 4.82571877520326)","('B005HO0A1I', 4.800937087535491)","('B0089JVDPK', 4.788428106343096)","('B004GIM68G', 4.786102689761462)","('B00IP42FBA', 4.785378400814529)"
A3I3BI5PFL3MSH,"('B000YJ2SKM', 4.21181430888188)","('B00IP42FBA', 4.179381148924551)","('B004Z209HS', 4.1545318183124955)","('B00DCNBST4', 4.13652784040559)","('B004GIM68G', 4.114550423836092)","('B0089JVDPK', 4.1068131540419595)","('B0013CSGBE', 4.1013426135730775)"
A9J5SLYXUCWO1,"('B000YJ2SKM', 4.333372308041046)","('B002LB75AO', 4.3218437874339894)","('B0089JVDPK', 4.249184204314906)","('B000UGVVHK', 4.2258512474325025)","('B00JF3RYPM', 4.224095711477719)","('B000C1VWCM', 4.222749283697688)","('B00DCNBST4', 4.220526142834712)"
A2H76V7TTCZ4KV,"('B0029OAL86', 3.975514334694806)","('B002LB75AO', 3.8999454991316904)","('B005HO0A1I', 3.8347485628902835)","('B000YJ2SKM', 3.8314555604553946)","('B001ECQ4YO', 3.8112835226284263)","('B00013YYS0', 3.803067528716109)","('B004GIM68G', 3.803060138681538)"
A5C2PJ2RFO4WS,"('B0001TQ9WI', 5.0)","('B000P257CO', 5.0)","('B000UGVVHK', 5.0)","('B000YJ2SKM', 5.0)","('B00120U5D4', 5.0)","('B001ECQ4YO', 5.0)","('B0029OAL86', 5.0)"
A14E70DKB6QPZY,"('B004WC2H8A', 4.858225330051096)","('B0089JVDPK', 4.792039586486113)","('B004GIM68G', 4.775814292317939)","('B004ITB3IW', 4.771519939679659)","('B005HO0A1I', 4.770991519925022)","('B000YJ2SKM', 4.770848536647074)","('B00IP42FBA', 4.763227984778947)"
A3UZ99BQWAJACU,"('B00005REAT', 5.0)","('B00011QTZI', 5.0)","('B00013YYS0', 5.0)","('B000142C1A', 5.0)","('B00014D5O8', 5.0)","('B00016X68Q', 5.0)","('B0001TQ9WI', 5.0)"
A32NZK5H2NIM13,"('B0013CSGBE', 4.710962804585476)","('B002LB75AO', 4.611798786056523)","('B0029OAL86', 4.595321121144014)","('B00DCNBST4', 4.591327094900336)","('B00IP42FBA', 4.58407179529437)","('B000YJ2SKM', 4.583765079092765)","('B004YZMKKU', 4.573771353103822)"
A19UTUEBWKIZFT,"('B00013YYS0', 5.0)","('B000142C1A', 5.0)","('B00021C1LI', 5.0)","('B000C1VT9S', 5.0)","('B000EEX7TI', 5.0)","('B000Q2RP7I', 5.0)","('B000YJ2SKM', 5.0)"
A3ESTWDBNOUJQ7,"('B000YJ2SKM', 5.0)","('B001ECQ4YO', 5.0)","('B002LB75AO', 5.0)","('B003O5NGJK', 5.0)","('B004GIM68G', 5.0)","('B004Z209HS', 5.0)","('B00CYDSAO4', 5.0)"
A1R1BFJCMWX0Y3,"('B004Z209HS', 3.628473492637489)","('B004ITB3IW', 3.6011030064771545)","('B000YJ2SKM', 3.577446377239885)","('B004GIM68G', 3.5588387728158377)","('B004WC2H8A', 3.5470960865167345)","('B002LB75AO', 3.5396966594209505)","('B000UGVVHK', 3.520006484682181)"
A27FP0S5QH7GNE,"('B00011QTZI', 5.0)","('B00013YYS0', 5.0)","('B000142C1A', 5.0)","('B00014D5O8', 5.0)","('B0001TQ9WI', 5.0)","('B0002Z8QG8', 5.0)","('B000AA5VZY', 5.0)"
A12PH6L5QSVTYN,"('B000YJ2SKM', 4.236303308706821)","('B00013YYS0', 4.102299445238417)","('B004GIM68G', 4.091178222919668)","('B00IP42FBA', 4.035734877661813)","('B001ECQ4YO', 4.034502964999555)","('B0019LWU2K', 4.015741298908143)","('B00CYDSAO4', 4.012835801360832)"
AZ26CDSJ363AH,"('B00IP42FBA', 4.234260475329167)","('B000YJ2SKM', 4.227834476852413)","('B002LB75AO', 4.224552096572192)","('B00DCNBST4', 4.187279415308232)","('B003GC4GHM', 4.180805546187363)","('B004ITB3IW', 4.178137710805944)","('B004Z209HS', 4.16374610745066)"
A21936E2ZRY72J,"('B000YJ2SKM', 4.955780725797812)","('B002LB75AO', 4.895982817720572)","('B004Z209HS', 4.875103395413607)","('B004ITB3IW', 4.866275539530085)","('B004GIM68G', 4.848338076222703)","('B005HO0A1I', 4.785385873202224)","('B00DCNBST4', 4.782907083366113)"
A2Q3BW3177V542,"('B0089JVDPK', 4.51120052782516)","('B004ITB3IW', 4.506881950033977)","('B00JF3RYPM', 4.473126082291981)","('B002LB75AO', 4.471202727533805)","('B004GIM68G', 4.456581153786081)","('B00DCNBST4', 4.451014560130822)","('B000YJ2SKM', 4.445376959431203)"
A3TMBYDFP1B9DM,"('B000YJ2SKM', 4.924114456566617)","('B002LB75AO', 4.846024316929457)","('B001ECQ4YO', 4.823767271599264)","('B005HO0A1I', 4.815507056383026)","('B0013CSGBE', 4.811100737553075)","('B004GIM68G', 4.8109542524068605)","('B004Z209HS', 4.805933119864203)"
A3GA09FYFKL4EY,"('B00011QTZI', 5.0)","('B00013YYS0', 5.0)","('B000142C1A', 5.0)","('B000EBAHHG', 5.0)","('B000Q2RP7I', 5.0)","('B000UGVVHK', 5.0)","('B000YJ2SKM', 5.0)"
AENH50GW3OKDA,"('B000142C1A', 5.0)","('B000P257CO', 5.0)","('B000YJ2SKM', 5.0)","('B0013CSGBE', 5.0)","('B001ECQ4YO', 5.0)","('B0029OAL86', 5.0)","('B002LB75AO', 5.0)"
A2065HBMYDXJ1S,"('B000YJ2SKM', 5.0)","('B002LB75AO', 5.0)","('B004GIM68G', 5.0)","('B004ITB3IW', 5.0)","('B005HO0A1I', 5.0)","('B00DCNBST4', 5.0)","('B0029OAL86', 4.996715179559581)"
AJGU56YG8G1DQ,"('9790790961', 5.0)","('B000050FET', 5.0)","('B000052WYN', 5.0)","('B000052YJM', 5.0)","('B000052YKM', 5.0)","('B000052YP6', 5.0)","('B000052ZBD', 5.0)"
A1X6PD8QYKIJHZ,"('B002LB75AO', 4.166358197126745)","('B000YJ2SKM', 4.1491917529234135)","('B00IP42FBA', 4.116467977352904)","('B001ECQ4YO', 4.112542485430312)","('B004ITB3IW', 4.090258255482822)","('B005HO0A1I', 4.068953215051071)","('B000P22TIY', 4.051844131109895)"
A1JLBNDDAJB4OP,"('B00011QTZI', 5.0)","('B00013YYS0', 5.0)","('B000142C1A', 5.0)","('B000AA5VZY', 5.0)","('B000EBAHHG', 5.0)","('B000PLUZL8', 5.0)","('B000UGVVHK', 5.0)"
ATSR2L4FZVO8Z,"('B00013YYS0', 5.0)","('B000142C1A', 5.0)","('B0001TQ9WI', 5.0)","('B0002YE8V6', 5.0)","('B000AMHWCW', 5.0)","('B000C1VT0W', 5.0)","('B000C1VT9S', 5.0)"
A2XKJ1KX6XUHYP,"('B004GIM68G', 3.090859470385968)","('B000YJ2SKM', 2.988271155366344)","('B00IP42FBA', 2.976438498098978)","('B000UGVVHK', 2.9702186405757414)","('B004Z209HS', 2.967719855512572)","('B007NYB0DC', 2.9447809522798396)","('B004YZMKKU', 2.937158847531847)"
ALNFHVS3SC4FV,"('B000YJ2SKM', 4.669425060883364)","('B00011QTZI', 4.594080086963684)","('B0013CSGBE', 4.5902626019807515)","('B004GIM68G', 4.580397084240726)","('B000142C1A', 4.568554718385593)","('B004ITB3IW', 4.566779602398725)","('B00F008GFQ', 4.5653364068367415)"
A2256XQAA1L8V8,"('B004WC2H8A', 4.680293292557343)","('B002LB75AO', 4.666150076767023)","('B004ITB3IW', 4.651388046758951)","('B006UET5UG', 4.631903653239412)","('B003O5NGJK', 4.617544812744394)","('B005HO0A1I', 4.615121667959875)","('B002LFLPEC', 4.614796987107196)"
A21SKLDXVEJ89E,"('B000YJ2SKM', 5.0)","('B002LB75AO', 5.0)","('B004GIM68G', 5.0)","('B005HO0A1I', 5.0)","('B00IP42FBA', 5.0)","('B000F63TW0', 4.984352702044286)","('B004Z209HS', 4.980604705524106)"
A11SWG9T60IQH8,"('B002LB75AO', 4.722820427613195)","('B004GIM68G', 4.697657062785102)","('B004Z209HS', 4.69332591085157)","('B000YJ2SKM', 4.6916035817887005)","('B00IP42FBA', 4.658448183814725)","('B0013CSGBE', 4.653988704697748)","('B0092MCO88', 4.630611966005517)"
A24N4FKHGD7DWT,"('B004GIM68G', 5.0)","('B005HO0A1I', 4.939295652911557)","('B000YJ2SKM', 4.899990296690615)","('B000142C1A', 4.8804288540746)","('B0029OAL86', 4.8760673377406025)","('B002LB75AO', 4.872116198245337)","('B00GDLML02', 4.86812466298255)"
A2D1LPEUCTNT8X,"('B0029OAL86', 4.981260168125476)","('B004WC2H8A', 4.927263903379693)","('B005HO0A1I', 4.917798129136067)","('B0089JVDPK', 4.915367020759279)","('B002LB75AO', 4.912540207054098)","('B000YJ2SKM', 4.901277999071173)","('B000142C1A', 4.885765587290182)"
AEC90GPFKLAAW,"('B004GIM68G', 4.7317541986470095)","('B000YJ2SKM', 4.723393922734398)","('B00IP42FBA', 4.689080863221244)","('B002LB75AO', 4.684331972543101)","('B004Z209HS', 4.663565879362291)","('B005HO0A1I', 4.639663036982073)","('B004YZMKKU', 4.636337199889183)"
A3MUSWDCTZINQZ,"('B000YJ2SKM', 4.656738925634832)","('B004GIM68G', 4.634059150897159)","('B00IP42FBA', 4.609318460927638)","('B002LB75AO', 4.578471272269391)","('B004YZMKKU', 4.5750737904494505)","('B00DCNBST4', 4.540696755039192)","('B001ECQ4YO', 4.52757505772702)"
ACN76NFHYL6JK,"('B000YJ2SKM', 3.851090028333539)","('B004GIM68G', 3.7755397891762876)","('B002LB75AO', 3.773762290918121)","('B004S9SEWK', 3.7481536867063396)","('B004Z209HS', 3.7457626137790867)","('B004B9C8MO', 3.7437062632330314)","('B00DCNBST4', 3.73670460570984)"
A27OTTW1CSOYWX,"('B000YJ2SKM', 5.0)","('B001ECQ4YO', 5.0)","('B002LB75AO', 5.0)","('B004GIM68G', 5.0)","('B00IP42FBA', 5.0)","('B005HO0A1I', 4.991345603001468)","('B004ITB3IW', 4.988376657037336)"
A2SH7OWE8QJYNC,"('B004ITB3IW', 4.586642627077435)","('B002LB75AO', 4.58419279525685)","('B00DCNBST4', 4.563326912416631)","('B003ZTVDBS', 4.555939834289729)","('B000YJ2SKM', 4.555453377867081)","('B004GIM68G', 4.548840899106271)","('B005HO0A1I', 4.547098975654131)"
A353U0L2HAMSHV,"('B000YJ2SKM', 4.632341355277234)","('B004GIM68G', 4.5523713030082495)","('B004WC2H8A', 4.451031647363253)","('B006TUS9LC', 4.445151296508134)","('B00IP42FBA', 4.440618475893278)","('B004YZMKKU', 4.435851142505741)","('B0089JVDPK', 4.434853442143935)"
A1RVM6W2YI7568,"('B000YJ2SKM', 4.592971892520454)","('B001ECQ4YO', 4.534766088544587)","('B005HO0A1I', 4.487990661536758)","('B004GIM68G', 4.485877289542991)","('B00IP42FBA', 4.478106564248166)","('B004Z209HS', 4.470369194581443)","('B002LB75AO', 4.4667870052261875)"
A3U5RYD678A4LL,"('B000YJ2SKM', 4.996410020401943)","('B004YZMKKU', 4.926210346125347)","('B004GIM68G', 4.9245137571996915)","('B00DCNBST4', 4.889490465868587)","('B00IP42FBA', 4.882392589902749)","('B003O5NGJK', 4.863335117847933)","('B001ECQ4YO', 4.849688710265264)"
A1X2LENOF84LCQ,"('B002LB75AO', 4.132691332997937)","('B005HO0A1I', 4.123059332667027)","('B00DCNBST4', 4.122044803989571)","('B00013YYS0', 4.103734734969844)","('B0029OAL86', 4.1010499355004235)","('B00011QTZI', 4.091811628345781)","('B004GIM68G', 4.090661644548406)"
A3IOCPLIMYDBCD,"('B004GIM68G', 4.827058900802848)","('B00IP42FBA', 4.800013492317721)","('B000YJ2SKM', 4.779349721133342)","('B00DCNBST4', 4.76797198849947)","('B002LB75AO', 4.756033602675485)","('B00120U5D4', 4.753260659788901)","('B0089JVDPK', 4.750177939296191)"
A1GQAKL9CGQLP1,"('B000052YP6', 5.0)","('B0000535UT', 5.0)","('B0000536M2', 5.0)","('B00005REAT', 5.0)","('B00008J2XQ', 5.0)","('B0000UTUW4', 5.0)","('B00011QTZI', 5.0)"
A1Q3W2FX8LKH19,"('B000YJ2SKM', 4.52467806006874)","('B004GIM68G', 4.5158600095478585)","('B002LFLPEC', 4.495197837049424)","('B004ITB3IW', 4.459702487190463)","('B005HO0A1I', 4.452590785188265)","('B004YZMKKU', 4.44819930336476)","('B002LB75AO', 4.42190054929188)"
A3CG93783LP0FO,"('B0013CSGBE', 4.429876367449351)","('B00011QTZI', 4.344981937194546)","('B002LB75AO', 4.339381542753617)","('B000142C1A', 4.338995681362006)","('B004YZMKKU', 4.335352847603221)","('B0092MCO88', 4.322692224751558)","('B004WC2H8A', 4.3201703710321695)"
AOEUN9718KVRD,"('B000YJ2SKM', 4.438636203830785)","('B002LB75AO', 4.4310200126946695)","('B004YZMKKU', 4.412175936309939)","('B001ECQ4YO', 4.4030035566839665)","('B000EBAHHG', 4.396197557196742)","('B00013YYS0', 4.389846042966997)","('B00DCNBST4', 4.381231610819621)"
AKJHHD5VEH7VG,"('B000YJ2SKM', 5.0)","('B002LB75AO', 5.0)","('B004GIM68G', 4.992262525614967)","('B00H93NJLS', 4.973493569445009)","('B00IP42FBA', 4.968906135099956)","('B004Z209HS', 4.961306238409131)","('B004WC2H8A', 4.95247409960971)"
A2ZY49IDE6TY5I,"('B004Z209HS', 4.758147838573295)","('B000YJ2SKM', 4.686159970961111)","('B0018DAUKI', 4.633990612689473)","('B005HO0A1I', 4.621769594602742)","('B00IP42FBA', 4.618268728086226)","('B004WC2H8A', 4.60769847226861)","('B00F008GFQ', 4.604792761260651)"
A10G136JEISLVR,"('B004GIM68G', 4.0940212388474615)","('B002LB75AO', 4.052446774845637)","('B00IP42FBA', 4.045405194636252)","('B0010XUU9M', 4.036326818216819)","('B004EWS5F2', 3.9986351816468626)","('B005UBN2AO', 3.9983957274289526)","('B00DCNBST4', 3.9843922747258222)"
A2MUGFV2TDQ47K,"('B002LB75AO', 4.736321547083779)","('B000YJ2SKM', 4.728545645878845)","('B00IP42FBA', 4.706156242747142)","('B00DCNBST4', 4.661548187032301)","('B004Z209HS', 4.6513087668057675)","('B004GIM68G', 4.638583750372827)","('B004TSF8R4', 4.637775864302936)"
AQ6AGWKWMTY8H,"('B000YJ2SKM', 4.554390626912103)","('B004GIM68G', 4.431000798929946)","('B002LB75AO', 4.425946206631884)","('B004ITB3IW', 4.407073715373508)","('B00DCNBST4', 4.402470222991729)","('B0089JVDPK', 4.372748915199543)","('B002LFLPEC', 4.350295726129339)"
A30YBYLNRPOEG2,"('B002LB75AO', 4.277628234704442)","('B0029OAL86', 4.254011388152652)","('B004WC2H8A', 4.201202553608546)","('B000P257CO', 4.197595380945677)","('B000142C1A', 4.1905990940131606)","('B0010XUU9M', 4.15223406503031)","('B005HO0A1I', 4.137412425353455)"
A1YMXGQQT7YWMN,"('B004GIM68G', 5.0)","('B002LB75AO', 4.971858612355079)","('B00011QTZI', 4.94296990524631)","('B001ECQ4YO', 4.940271995634767)","('B004Z209HS', 4.935917428121552)","('B00013YYS0', 4.935795929253597)","('B000142C1A', 4.9279015129722445)"
A1VUGUKWX4B808,"('B000052YP6', 5.0)","('B00005REAT', 5.0)","('B00008J2XQ', 5.0)","('B0000Y3D4G', 5.0)","('B00011QTZI', 5.0)","('B00013YYS0', 5.0)","('B000142C1A', 5.0)"
AC1UO4XW14D6W,"('B000052YP6', 5.0)","('B0000535UT', 5.0)","('B0000536M2', 5.0)","('B0000UTUW4', 5.0)","('B0000Y3D4G', 5.0)","('B00011QTZI', 5.0)","('B00013YYS0', 5.0)"
AQY5XBYSENNZQ,"('B000YJ2SKM', 5.0)","('B004GIM68G', 5.0)","('B004YZMKKU', 5.0)","('B00IP42FBA', 5.0)","('B00DCNBST4', 4.99706637481553)","('B002LFLPEC', 4.9392543908964575)","('B0013CSGBE', 4.935780726847479)"
A2W9VGCIJQG0NI,"('B002LFLPEC', 4.760940221280761)","('B000YJ2SKM', 4.754859512936695)","('B004ITB3IW', 4.743993326303439)","('B004GIM68G', 4.743783648970834)","('B002LB75AO', 4.735728955921717)","('B004Z209HS', 4.712914731155807)","('B00IP42FBA', 4.708261161218059)"
A1ZXEVTNNDKJ61,"('B00005REAT', 5.0)","('B00011QTZI', 5.0)","('B00013YYS0', 5.0)","('B000142C1A', 5.0)","('B00014D5O8', 5.0)","('B0001TQ9WI', 5.0)","('B00021CNCK', 5.0)"
AIIR8E34EDKCQ,"('B000YJ2SKM', 4.995762260346709)","('B001ECQ4YO', 4.8828014298797315)","('B00IP42FBA', 4.84395828520141)","('B002LB75AO', 4.836426082458563)","('B004TSF8R4', 4.823621493420491)","('B004Z209HS', 4.81716447831218)","('B000Q2RP7I', 4.810743204443121)"
A2PGDUYXZFAPT5,"('B000052YP6', 5.0)","('B0000536M2', 5.0)","('B0000Y8H3S', 5.0)","('B00011QTZI', 5.0)","('B000127UUA', 5.0)","('B00013YYS0', 5.0)","('B000142C1A', 5.0)"
A21VGNU5959O85,"('B000YJ2SKM', 4.490930918795134)","('B004GIM68G', 4.387721094023441)","('B001ECQ4YO', 4.36672497387597)","('B001KYO2M2', 4.326248177162218)","('B002LB75AO', 4.324280383974458)","('B004YZMKKU', 4.3195268884952105)","('B00DCNBST4', 4.30852901869844)"
A3H4L7TJKQHW4Q,"('B001ECQ4YO', 3.252794510088514)","('B002LB75AO', 3.24596074436164)","('B004GIM68G', 3.2052245577211345)","('B000YJ2SKM', 3.2038420479316976)","('B00CYDSAO4', 3.200617233588)","('B00DCNBST4', 3.2001269063713202)","('B0013CSGBE', 3.1720754204852697)"
A89ZZKNDFQH23,"('B000YJ2SKM', 5.0)","('B002LB75AO', 4.907771668081451)","('B004GIM68G', 4.887653889787506)","('B00IP42FBA', 4.86519030012883)","('B00DCNBST4', 4.86202121820656)","('B004ITB3IW', 4.858707776505697)","('B004Z209HS', 4.829259228580029)"
A2OTGX253O4J4D,"('9790790961', 5.0)","('B000052YP6', 5.0)","('B000052ZBD', 5.0)","('B0000535UT', 5.0)","('B0000536M2', 5.0)","('B00005REAT', 5.0)","('B00005V5P6', 5.0)"
A1047EDJ84IMAS,"('B000YJ2SKM', 4.868879618982526)","('B00IP42FBA', 4.8555233771863975)","('B004GIM68G', 4.8358163563195555)","('B00DCNBST4', 4.824577791156275)","('B0013CSGBE', 4.793338488136561)","('B005HO0A1I', 4.7833998971803435)","('B004Z209HS', 4.775765964495131)"
A3E5V5TSTAY3R9,"('B00IP42FBA', 4.4743506002351845)","('B0089JVDPK', 4.4426961453342955)","('B004GIM68G', 4.4243858880540285)","('B002LB75AO', 4.397208923288503)","('B000YJ2SKM', 4.390859502168579)","('B00HSNWZKU', 4.384529483460938)","('B004YZMKKU', 4.377063821321716)"
A1M04H40ZVGWVG,"('B002LB75AO', 4.912041560921103)","('B000142C1A', 4.911263561366897)","('B000YJ2SKM', 4.905698341946159)","('B0029OAL86', 4.90374206090583)","('B0089JVDPK', 4.894223704705633)","('B00DCNBST4', 4.878938255718998)","('B004YZMKKU', 4.87571996267882)"
AB24Z8PTNQ33I,"('9790790961', 5.0)","('B000052YP6', 5.0)","('B0000535UM', 5.0)","('B0000535UT', 5.0)","('B0000536M2', 5.0)","('B00005CDSP', 5.0)","('B00005REAT', 5.0)"
A1P2XYD265YE21,"('9790790961', 5.0)","('B000052YP6', 5.0)","('B000052ZBD', 5.0)","('B0000535RD', 5.0)","('B0000535UM', 5.0)","('B0000535UT', 5.0)","('B0000536M2', 5.0)"
A3GPAR4H5Y5OU8,"('B000YJ2SKM', 4.7021779321883)","('B004ITB3IW', 4.685204017815518)","('B002LFLPEC', 4.677704687995902)","('B002LB75AO', 4.6631339177270865)","('B004GIM68G', 4.650842391198028)","('B00IP42FBA', 4.643875298960115)","('B004Z209HS', 4.620760627974059)"
A1DCBQD9QX2I3J,"('B004Z209HS', 4.995731667736198)","('B000YJ2SKM', 4.966717049880725)","('B00IP42FBA', 4.965805640457188)","('B004GIM68G', 4.948669273440481)","('B000142C1A', 4.900965773650547)","('B003O5NGJK', 4.884829716198134)","('B000EEX7TI', 4.879291506550993)"
A1YUL9PCJR3JTY,"('B00011QTZI', 5.0)","('B000142C1A', 5.0)","('B00014D5O8', 5.0)","('B0001TQ9WI', 5.0)","('B000P22TIY', 5.0)","('B000P257CO', 5.0)","('B000UGVVHK', 5.0)"
AHYPRXI7F5QXS,"('B004YZMKKU', 4.77701881584525)","('B004GIM68G', 4.732558142016811)","('B000YJ2SKM', 4.643070034948365)","('B00IP42FBA', 4.6220677731990385)","('B0010XUU9M', 4.60839120988925)","('B000P257CO', 4.5960070321905055)","('B000C1VT9S', 4.587651804153084)"
A914TQVHI872U,"('B005HO0A1I', 4.75097133306504)","('B004S9SEWK', 4.73323518484864)","('B0013CSGBE', 4.727856396272736)","('B000YJ2SKM', 4.727165019283513)","('B004GIM68G', 4.7114516682802146)","('B004WC2H8A', 4.70834816943878)","('B006UET5UG', 4.700158723832671)"
A9MYCYZT8EMMX,"('B0000536M2', 5.0)","('B00005REAT', 5.0)","('B0000UTUW4', 5.0)","('B0000Y3GIE', 5.0)","('B0000Y8H3S', 5.0)","('B00011QTZI', 5.0)","('B00013YYS0', 5.0)"
ARYSDAZNRXN6G,"('B000Q2RP7I', 4.217423857861367)","('B00120U5D4', 4.178237904923101)","('B004Z209HS', 4.152519894603103)","('B00011QTZI', 4.144791306641938)","('B0029OAL86', 4.127914823241508)","('B0000535UT', 4.120678524751721)","('B002LB75AO', 4.119256333850785)"
A2UJT1C0E0DWVQ,"('B000142C1A', 5.0)","('B000C1Z29Q', 5.0)","('B000EBAHHG', 5.0)","('B000P257CO', 5.0)","('B000Q2RP7I', 5.0)","('B000YJ2SKM', 5.0)","('B00120U5D4', 5.0)"
AEJEG1P5S4J9Y,"('B000YJ2SKM', 4.682575343813804)","('B000142C1A', 4.674634478258403)","('B004GIM68G', 4.6512664067669744)","('B0089JVDPK', 4.651233756503891)","('B0013CSGBE', 4.647773281449769)","('B004YZMKKU', 4.63876187829828)","('B00F008GFQ', 4.632013263030228)"
A2AVOVUTRTABTX,"('B000YJ2SKM', 4.696859691367344)","('B004GIM68G', 4.692652842422088)","('B002LB75AO', 4.631842627946317)","('B004YZMKKU', 4.624079220464488)","('B004Z209HS', 4.611096856038563)","('B00IP42FBA', 4.607680281471202)","('B000142C1A', 4.604292784686333)"
A1PI8VBCXXSGC7,"('B000YJ2SKM', 4.722789510327888)","('B001ECQ4YO', 4.548176148459576)","('B00CYDSAO4', 4.5368037258557)","('B002LFLPEC', 4.533428831287093)","('B004Z209HS', 4.521418238548469)","('B002LB75AO', 4.513999209776417)","('B003UMNO6C', 4.494581377486714)"
A3KEZLJ59C1JVH,"('B000142C1A', 4.5115076905011104)","('B00F008GFQ', 4.5014272050099775)","('B000YJ2SKM', 4.475225146029739)","('B004Z209HS', 4.454525380421874)","('B003HG4GQI', 4.454264627552249)","('B002LFLPEC', 4.4424131001268865)","('B000P257CO', 4.439551341359685)"
A1WX42M589VAMQ,"('B002LB75AO', 5.0)","('B0089JVDPK', 4.989519540509519)","('B000YJ2SKM', 4.989377809399378)","('B004Z209HS', 4.984525085676334)","('B004GIM68G', 4.982517730622374)","('B00DCNBST4', 4.981071439212815)","('B00IP42FBA', 4.968633618097681)"
A2B2I5JO3E8LBX,"('B004GIM68G', 4.75826456816546)","('B0013CSGBE', 4.726938733575925)","('B00DCNBST4', 4.726363006524278)","('B000YJ2SKM', 4.726326260264987)","('B000142C1A', 4.722729057614394)","('B002LB75AO', 4.720909810421482)","('B004YZMKKU', 4.708511545330187)"
A2YKWYC3WQJX5J,"('B002LB75AO', 4.896969575918666)","('B000YJ2SKM', 4.881681381788421)","('B004Z209HS', 4.880626868670852)","('B005HO0A1I', 4.861029235040506)","('B0013CSGBE', 4.860878024809844)","('B004GIM68G', 4.841985682764272)","('B004YZMKKU', 4.835500453214298)"
A34QKW1Y84EHIT,"('B000YJ2SKM', 4.6596804692873945)","('B001ECQ4YO', 4.648308519368365)","('B004GIM68G', 4.627778823925633)","('B005HO0A1I', 4.608053207764127)","('B00F008GFQ', 4.586591323336983)","('B002LB75AO', 4.583956154712076)","('B00IP42FBA', 4.562141683893412)"
A2A7KXM9B4XW90,"('B000YJ2SKM', 4.872466696305597)","('B004GIM68G', 4.747646097767841)","('B002LB75AO', 4.722792577582045)","('B001ECQ4YO', 4.719558408882772)","('B005HO0A1I', 4.68890367930584)","('B00CYDSAO4', 4.67078121261545)","('B004B9C8MO', 4.6418090918321075)"
A1YVJ2CLK0L2WR,"('B0000536M2', 5.0)","('B00011QTZI', 5.0)","('B00013YYS0', 5.0)","('B000142C1A', 5.0)","('B00021CNCK', 5.0)","('B0002YE8V6', 5.0)","('B000AA5VZY', 5.0)"
AN9EWQN1LGMY7,"('9790790961', 5.0)","('B000052YP6', 5.0)","('B0000531SW', 5.0)","('B0000535UM', 5.0)","('B0000535UT', 5.0)","('B0000536M2', 5.0)","('B00005REAT', 5.0)"
A3VV0Z7QF0U4W0,"('B004GIM68G', 4.674705450556182)","('B0013CSGBE', 4.666335080221461)","('B000YJ2SKM', 4.661953331422377)","('B001ECQ4YO', 4.6516423042994175)","('B00011QTZI', 4.644642271146412)","('B002LB75AO', 4.623196637146197)","('B000142C1A', 4.610169187403662)"
A2DPYMNI2HCIOI,"('B002LB75AO', 4.15797809808939)","('B000YJ2SKM', 4.137571194600076)","('B004Z209HS', 4.135918037824816)","('B0013CSGBE', 4.084617006718878)","('B00F008GFQ', 4.076092004801315)","('B00IP42FBA', 4.0720262637480396)","('B004WC2H8A', 4.070866607200962)"
A1W31W7O8D5EW,"('B000YJ2SKM', 4.888221473160352)","('B002LB75AO', 4.871831055607911)","('B003O5NGJK', 4.85412674510504)","('B004Z209HS', 4.841160607599714)","('B004GIM68G', 4.83591338458932)","('B00DCNBST4', 4.8194240801902115)","('B001ECQ4YO', 4.798270995920059)"
A1PK9JYJF5Y2V6,"('B00011QTZI', 5.0)","('B00013YYS0', 5.0)","('B000142C1A', 5.0)","('B00014D5O8', 5.0)","('B000AA5VZY', 5.0)","('B000C1VT0W', 5.0)","('B000C1VT9S', 5.0)"
A1FU6N9PIEIL5F,"('B000YJ2SKM', 4.882647011642641)","('B004GIM68G', 4.82643691136689)","('B00DCNBST4', 4.774348736294385)","('B0089JVDPK', 4.76355262966604)","('B004Z209HS', 4.747128768659472)","('B003ZTVDBS', 4.734449966399754)","('B0018DAUKI', 4.734082811244557)"
A1P1O16N3ROSUY,"('B000YJ2SKM', 4.657248180626096)","('B00IP42FBA', 4.579045626507)","('B000Q2RP7I', 4.577959877574449)","('B001ECQ4YO', 4.575773611900085)","('B00DCNBST4', 4.550900858957561)","('B004GIM68G', 4.521585828865364)","('B0089JVDPK', 4.478964188364335)"
A110PQTEI6THU7,"('B004Z209HS', 4.4930126522458425)","('B002LB75AO', 4.481859798868034)","('B00F008GFQ', 4.450090932830151)","('B000142C1A', 4.43086742069032)","('B00JF3RYPM', 4.4222235484029335)","('B000P257CO', 4.40641993062854)","('B004YZMKKU', 4.402882269696184)"
AOTMP0OKJOUWI,"('B000YJ2SKM', 4.848153046779707)","('B002LB75AO', 4.8119465467837985)","('B004GIM68G', 4.7707549388224795)","('B00IP42FBA', 4.759712368904447)","('B004Z209HS', 4.7406193226799935)","('B00DCNBST4', 4.7364536100910115)","('B004ITB3IW', 4.736381654841175)"
A1GYEGLX3P2Y7P,"('B000YJ2SKM', 4.957754512876708)","('B002LB75AO', 4.949997639828843)","('B0089JVDPK', 4.912211614336136)","('B00DCNBST4', 4.886618422802504)","('B005HO0A1I', 4.880732901224196)","('B0029OAL86', 4.865058716587388)","('B001ECQ4YO', 4.836233697117488)"
A36RO7NCM6IUGB,"('B000YJ2SKM', 3.908006989658247)","('B004GIM68G', 3.883932242072201)","('B00IP42FBA', 3.882077963224161)","('B000142C1A', 3.854526232027174)","('B00DCNBST4', 3.8471748691805803)","('B002LB75AO', 3.834462404033144)","('B001ECQ4YO', 3.827127179264712)"
A2ZKZJGVGIJ8OP,"('B000YJ2SKM', 4.768684825199813)","('B001ECQ4YO', 4.7009298830537745)","('B004GIM68G', 4.681209305237485)","('B002LB75AO', 4.675825542371923)","('B00DCNBST4', 4.675609835757735)","('B0089JVDPK', 4.659488537871177)","('B00CYDSAO4', 4.6341081005360865)"
A2A5C9IQ06CG9N,"('B001EWF2SI', 4.390071855138057)","('B004B9C8MO', 4.372909223718879)","('B00CYDSAO4', 4.3605837242112955)","('B00IP42FBA', 4.350669237795133)","('B000EEX7TI', 4.349372946267968)","('B004N7DQHA', 4.347613286233599)","('B002LB75AO', 4.347473116377013)"
A2AEQSSI637PJ0,"('B004Z209HS', 5.0)","('B000YJ2SKM', 4.972484877121546)","('B002LB75AO', 4.96267524789132)","('B0013CSGBE', 4.9436265446456655)","('B004GIM68G', 4.940384660103659)","('B00IP42FBA', 4.921511346706852)","('B000142C1A', 4.9110652969585695)"
A3RRNV5GDJ4SLW,"('B002LFLPEC', 3.8298828937266207)","('B00011QTZI', 3.796162960663562)","('B004GIM68G', 3.7953290297993334)","('B005HO0A1I', 3.7771538739504362)","('B002LB75AO', 3.7469723377948454)","('B0094GHGQM', 3.7365115552831676)","('B000C1VT9S', 3.7310195352689446)"
A3K7I9EGDHAGU4,"('B000YJ2SKM', 5.0)","('B0010XUU9M', 5.0)","('B002LB75AO', 5.0)","('B004GIM68G', 5.0)","('B00IP42FBA', 5.0)","('B004ITB3IW', 4.991113399080863)","('B000P257CO', 4.988778933294468)"
AI0131QZO047J,"('B002LB75AO', 5.0)","('B004Z209HS', 5.0)","('B004YZMKKU', 4.996782361265849)","('B0013CSGBE', 4.99497774277179)","('B000YJ2SKM', 4.983654743068489)","('B004GIM68G', 4.980855462072564)","('B000UGVVHK', 4.9590652906311465)"
A3GU3CXHONZJQ6,"('B00F008GFQ', 4.206507591402661)","('B000YJ2SKM', 4.191771221694349)","('B001EWF2SI', 4.16105036607147)","('B004FJHEHY', 4.128838247452138)","('B002VBRPZO', 4.127350242958769)","('B00021C1LI', 4.123327769704249)","('B000Q2RP7I', 4.119017117404057)"
A1RRMZKOMZ2M7J,"('B004Z209HS', 3.941062839627067)","('B0013CSGBE', 3.903453870707396)","('B00DCNBST4', 3.898827705303529)","('B002LB75AO', 3.8791684906323245)","('B00120U5D4', 3.875834291585319)","('B005HO0A1I', 3.874382391350391)","('B00IP42FBA', 3.8590074791463596)"
A2VPPEVTCQ922W,"('B000YJ2SKM', 5.0)","('B0013CSGBE', 5.0)","('B001ECQ4YO', 5.0)","('B002LB75AO', 5.0)","('B004GIM68G', 5.0)","('B004YZMKKU', 5.0)","('B004Z209HS', 5.0)"
A3SFI0SLCMP0KX,"('B002LB75AO', 4.161193811515567)","('B004GIM68G', 4.120688425089117)","('B000YJ2SKM', 4.104273075955799)","('B004YZMKKU', 4.079821528729769)","('B00IP42FBA', 4.0571842988864)","('B00013YYS0', 4.038491005965872)","('B004B9C8MO', 4.0288916736525255)"
AEL6CQNQXONBX,"('B000YJ2SKM', 4.801905288752888)","('B004YZMKKU', 4.7667813082841874)","('B004Z209HS', 4.757064476466317)","('B002LB75AO', 4.752805073539777)","('B00HSNWZKU', 4.725693046256485)","('B002LFLPEC', 4.7239245022353185)","('B00DCNBST4', 4.720892121530891)"
A3R9H6OKZHHRJD,"('B004Z209HS', 4.421761723428632)","('B005HO0A1I', 4.363972181710049)","('B000YJ2SKM', 4.355143455098013)","('B00F008GFQ', 4.328787359235787)","('B002LB75AO', 4.317297846146232)","('B004GIM68G', 4.315754657519545)","('B002LFLPEC', 4.303813896352256)"
A1QV5IH6HDRN0L,"('B004GIM68G', 3.997446977426909)","('B0010XUU9M', 3.8603548329836324)","('B0029OAL86', 3.853472907677264)","('B000YJ2SKM', 3.849953605281625)","('B000142C1A', 3.790585337362583)","('B00013YYS0', 3.7894229660032708)","('B00H93NJLS', 3.765090865114736)"
A1MI1I73Z5J9MI,"('B004GIM68G', 4.450494531754127)","('B002LB75AO', 4.4351010102516994)","('B000142C1A', 4.4246292715383735)","('B004ITB3IW', 4.418442323940926)","('B000YJ2SKM', 4.413940322864125)","('B004YZMKKU', 4.399350075898413)","('B000UGVVHK', 4.39811501869456)"
A1CI63P473W5RJ,"('B000YJ2SKM', 4.646957781805026)","('B00DCNBST4', 4.566424717502172)","('B002LFLPEC', 4.548483173470332)","('B000UGVVHK', 4.535515041795377)","('B002LB75AO', 4.532653945503864)","('B004YZMKKU', 4.519095897067998)","('B001H54SQ4', 4.506334499312717)"
A3SH6CQYS8FHB,"('B001ECQ4YO', 4.969542309719153)","('B004GIM68G', 4.944627295681269)","('B003O5NGJK', 4.941712280512559)","('B002LFLPEC', 4.936398507482741)","('B000YJ2SKM', 4.91395767794414)","('B002LB75AO', 4.908698294558072)","('B004WC2H8A', 4.906109984940539)"
AGWWIU5K88RKB,"('B000YJ2SKM', 4.729884361331513)","('B002LB75AO', 4.685095866345383)","('B00IP42FBA', 4.681586607637499)","('B004GIM68G', 4.653196075170928)","('B002LFLPEC', 4.626266021049584)","('B00DCNBST4', 4.6149925899757305)","('B001ECQ4YO', 4.614834267933025)"
A2LAS014NSRW72,"('B002LB75AO', 4.632447319179681)","('B000YJ2SKM', 4.617591722539667)","('B001ECQ4YO', 4.594994258424793)","('B004Z209HS', 4.58671758937064)","('B004GIM68G', 4.574932358871572)","('B003O5NGJK', 4.554712311733349)","('B004ITB3IW', 4.5458771556408015)"
A2JR5ZTSYSIQYX,"('B002LB75AO', 4.908340040023613)","('B000YJ2SKM', 4.870393594202055)","('B001ECQ4YO', 4.855056970824521)","('B00CYDSAO4', 4.84192300917465)","('B004Z209HS', 4.811742979146837)","('B00DCNBST4', 4.80756549398288)","('B00IP42FBA', 4.804502350461296)"
A28IBOLVCSQRLQ,"('B000YJ2SKM', 5.0)","('B002LB75AO', 5.0)","('B002LFLPEC', 5.0)","('B004GIM68G', 5.0)","('B0094GHGQM', 5.0)","('B000EBAHHG', 4.993267225038546)","('B00DCNBST4', 4.988147654301928)"
AANHR0DB9SZ80,"('B000YJ2SKM', 5.0)","('B002LB75AO', 5.0)","('B004GIM68G', 5.0)","('B004ITB3IW', 5.0)","('B00IP42FBA', 5.0)","('B00DCNBST4', 4.998672815686329)","('B004Z209HS', 4.9917277416275345)"
A1P27BGF8NAI29,"('B000Q2RP7I', 5.0)","('B000UGVVHK', 5.0)","('B000YJ2SKM', 5.0)","('B0013CSGBE', 5.0)","('B001ECQ4YO', 5.0)","('B002LB75AO', 5.0)","('B004GIM68G', 5.0)"
A3RHPBNP2N9RJB,"('B00IP42FBA', 4.957329271424005)","('B000YJ2SKM', 4.914846438864052)","('B004GIM68G', 4.843395254463449)","('B007SA3CD2', 4.838944730793)","('B001UE60E0', 4.823983193016938)","('B0013CSGBE', 4.820801419363246)","('B000AA5VZY', 4.798661368799091)"
A1EAX5HVYV96EF,"('B0000535UT', 5.0)","('B00005REAT', 5.0)","('B00008J2XQ', 5.0)","('B0000YUX4O', 5.0)","('B00011QTZI', 5.0)","('B00013YYS0', 5.0)","('B000142C1A', 5.0)"
A17Y11XADHLI8A,"('B0013CSGBE', 4.750651711184258)","('B0029OAL86', 4.7210043608127865)","('B000F63TW0', 4.716970502826185)","('B000142C1A', 4.707597828066921)","('B006UET5UG', 4.687423148737347)","('B0089JVDPK', 4.6841715756072215)","('B0089JVEOK', 4.682358370725259)"
AY9HUIJWJ8TT7,"('B000YJ2SKM', 4.372258294750181)","('B004GIM68G', 4.290874886905852)","('B00DCNBST4', 4.280499077580828)","('B004YZMKKU', 4.2530381423247565)","('B002LB75AO', 4.233996522006096)","('B0029OAL86', 4.220310879957468)","('B00G5WO2VK', 4.210175286085114)"
AFHYEO3Y1IIDD,"('B0000536M2', 5.0)","('B00011QTZI', 5.0)","('B00013YYS0', 5.0)","('B000142C1A', 5.0)","('B00014D5O8', 5.0)","('B00021CNCK', 5.0)","('B0002UEDWE', 5.0)"
A2J19U8H5SSFCJ,"('B002LB75AO', 4.746253223096456)","('B000YJ2SKM', 4.715343733231188)","('B000P257CO', 4.714759903583607)","('B0029OAL86', 4.686677124299864)","('B004GIM68G', 4.677476537075585)","('B000UGVVHK', 4.6611292999889)","('B00DCNBST4', 4.649144764137669)"
A3NHUQ33CFH3VM,"('B00011QTZI', 5.0)","('B00013YYS0', 5.0)","('B000142C1A', 5.0)","('B00014D5O8', 5.0)","('B00016X68Q', 5.0)","('B00021CNCK', 5.0)","('B0002YE8V6', 5.0)"
A376OJHLE6SU9Q,"('B000YJ2SKM', 5.0)","('B004GIM68G', 4.980854847393993)","('B002LB75AO', 4.952340087870194)","('B004ITB3IW', 4.918989180981811)","('B00IP42FBA', 4.91625919972382)","('B00F008GFQ', 4.909512164021763)","('B001ECQ4YO', 4.905666015696244)"
A3VBF1J95ROAYF,"('B004GIM68G', 4.935164318140107)","('B000YJ2SKM', 4.852053563260566)","('B0029OAL86', 4.847364662540883)","('B00IP42FBA', 4.844995301533192)","('B000Q2RP7I', 4.842785154424283)","('B001ECQ4YO', 4.837583202209885)","('B002LB75AO', 4.8330001228609545)"
A5BJMAHZWGJ7N,"('B004GIM68G', 4.79127245499214)","('B002LB75AO', 4.774175316151919)","('B002LFLPEC', 4.761003731314368)","('B004YZMKKU', 4.73302224527787)","('B004Z209HS', 4.728885134242379)","('B005HO0A1I', 4.711617727061709)","('B00013YYS0', 4.706111970904376)"
A32ZIX6JXPJX3O,"('B00011QTZI', 5.0)","('B00013YYS0', 5.0)","('B000142C1A', 5.0)","('B00014D5O8', 5.0)","('B00021C1LI', 5.0)","('B00021CNCK', 5.0)","('B0002YE8V6', 5.0)"
A2OCDK0BOW6UCY,"('B000YJ2SKM', 4.490439217848044)","('B002LB75AO', 4.463439238667212)","('B004GIM68G', 4.460447842594152)","('B001ECQ4YO', 4.439913468746985)","('B00DCNBST4', 4.429015534066603)","('B00IP42FBA', 4.424116667908325)","('B004ITB3IW', 4.400141113722521)"
A2PXXYVFB3HD6O,"('B000YJ2SKM', 4.930598672442564)","('B004GIM68G', 4.892128947389956)","('B00IP42FBA', 4.872567617921554)","('B004YZMKKU', 4.864167301074356)","('B001ECQ4YO', 4.831027697698573)","('B002LFLPEC', 4.818793702355105)","('B00DCNBST4', 4.81079965473007)"
A3AYSYSLHU26U9,"('B000YJ2SKM', 4.86127498844374)","('B002LB75AO', 4.802372038361105)","('B0092MCO88', 4.7743088390954185)","('B001ECQ4YO', 4.760385784485272)","('B004GIM68G', 4.749195177433795)","('B00013YYS0', 4.742117567373752)","('B004WC2H8A', 4.71307911643392)"
A2JCJJNY43QQIV,"('B004GIM68G', 4.744576589549762)","('B001ECQ4YO', 4.741481273497145)","('B000YJ2SKM', 4.7386055861533105)","('B00011QTZI', 4.72847292459338)","('B004YZMKKU', 4.71784989465337)","('B0089JVDPK', 4.705439311845898)","('B000142C1A', 4.699901237796976)"
A1C80VYQMM3FQB,"('B00011QTZI', 5.0)","('B00013YYS0', 5.0)","('B000142C1A', 5.0)","('B0001TQ9WI', 5.0)","('B00021CNCK', 5.0)","('B0002Z8LLI', 5.0)","('B000C1VT9S', 5.0)"
A34TVK5J8P7XDQ,"('B00011QTZI', 5.0)","('B000142C1A', 5.0)","('B000EBAHHG', 5.0)","('B000P257CO', 5.0)","('B000YJ2SKM', 5.0)","('B0010XUU9M', 5.0)","('B0013CSGBE', 5.0)"
A13JU88JAHN72I,"('B0029OAL86', 4.860941836558663)","('B004Z209HS', 4.830089699363751)","('B004WC2H8A', 4.8104642937944675)","('B001ECQ4YO', 4.797894752372695)","('B006TUS9LC', 4.795961213740726)","('B000YJ2SKM', 4.7951421739592215)","('B002LB75AO', 4.788509446034169)"
A1FR87EBHPZHBJ,"('B000YJ2SKM', 5.0)","('B002LB75AO', 5.0)","('B004GIM68G', 4.995735297219581)","('B00013YYS0', 4.924225179073631)","('B00DCNBST4', 4.91935290528681)","('B005HO0A1I', 4.913353361401296)","('B0029OAL86', 4.89097301985429)"
AKMBOKJQBLI1U,"('B002LB75AO', 4.705184538319035)","('B000YJ2SKM', 4.6820277116505595)","('B004YZMKKU', 4.654856169263354)","('B002QI1E9K', 4.646632568581646)","('B004GIM68G', 4.643271077183574)","('B0089JVDPK', 4.642821003201021)","('B000Q2RP7I', 4.637826668126585)"
AHN86VFJIJ2JP,"('B004GIM68G', 4.470091086992736)","('B000YJ2SKM', 4.4661406492869595)","('B004Z209HS', 4.45471359371061)","('B0013CSGBE', 4.433428387680863)","('B002LB75AO', 4.4323534952458425)","('B005HO0A1I', 4.4243731918489155)","('B002LFLPEC', 4.417000986241197)"
A29M09QBG9TZLP,"('B000YJ2SKM', 4.957424651320608)","('B00IP42FBA', 4.9444638541729695)","('B004GIM68G', 4.896236514860542)","('B0029OAL86', 4.895856055156597)","('B001ECQ4YO', 4.880145048850715)","('B004Z209HS', 4.866682752134189)","('B002LB75AO', 4.837996972792896)"
AXYVSHTLWBINI,"('B000052YP6', 5.0)","('B0000535UT', 5.0)","('B0000536M2', 5.0)","('B00005REAT', 5.0)","('B00005V5P6', 5.0)","('B00008J2XQ', 5.0)","('B0000Y3D4G', 5.0)"
ATV36X9V9DRB9,"('B002LB75AO', 4.319873063686486)","('B000YJ2SKM', 4.2348322411242965)","('B004GIM68G', 4.189589138113238)","('B0029OAL86', 4.184396094351728)","('B0089JVDPK', 4.174884857236088)","('B005HO0A1I', 4.157595907483794)","('B00DCNBST4', 4.156065145275952)"
A1UVKA2ZQD2C8Z,"('B002LB75AO', 4.652200039154232)","('B0013CSGBE', 4.614666609222538)","('B0092MCO88', 4.5515585022114085)","('B000EEX7TI', 4.549099010265981)","('B000P22TIY', 4.541502456779684)","('B004Z209HS', 4.511996964455048)","('B000UGVVHK', 4.4929372040204)"
A1X1CEGHTHMBL1,"('B000052YP6', 5.0)","('B00011QTZI', 5.0)","('B00013YYS0', 5.0)","('B000142C1A', 5.0)","('B00014D5O8', 5.0)","('B0001TQ9WI', 5.0)","('B0002YE8V6', 5.0)"
A2R6RA8FRBS608,"('B00013YYS0', 5.0)","('B000142C1A', 5.0)","('B000AA5VZY', 5.0)","('B000C1VT9S', 5.0)","('B000EEX7TI', 5.0)","('B000P257CO', 5.0)","('B000UGVVHK', 5.0)"
A1F7YU6O5RU432,"('B00011QTZI', 5.0)","('B00013YYS0', 5.0)","('B000142C1A', 5.0)","('B00014D5O8', 5.0)","('B0001TQ9WI', 5.0)","('B000C1VT9S', 5.0)","('B000EBAHHG', 5.0)"
A260QLS8Z33KCQ,"('B000YJ2SKM', 4.877604775873637)","('B002LB75AO', 4.839060349117156)","('B00IP42FBA', 4.828941571184272)","('B004GIM68G', 4.812460512050719)","('B001ECQ4YO', 4.809333042637446)","('B000142C1A', 4.807552662915108)","('B0013CSGBE', 4.798033019778564)"
A174X51AGFWAMW,"('B000EBAHHG', 5.0)","('B000YJ2SKM', 5.0)","('B002LB75AO', 5.0)","('B004GIM68G', 5.0)","('B004YZMKKU', 5.0)","('B004Z209HS', 5.0)","('B005HO0A1I', 5.0)"
A2BYV7S1QP2YIG,"('B000YJ2SKM', 5.0)","('B004Z209HS', 4.9659031821923945)","('B00DCNBST4', 4.925911702845956)","('B00IP42FBA', 4.91721950560478)","('B003GC4GHM', 4.906487853785814)","('B004GIM68G', 4.883447093284799)","('B002LB75AO', 4.881202859981511)"
A1EVV74UQYVKRY,"('B002LB75AO', 4.970343709095683)","('B0013CSGBE', 4.957949456252129)","('B004Z209HS', 4.956039622622542)","('B000YJ2SKM', 4.949707374161835)","('B004GIM68G', 4.923614148654537)","('B004WC2H8A', 4.916088223573997)","('B0089JVDPK', 4.900548651648482)"
A33PYDS5IBQD7N,"('B000YJ2SKM', 5.0)","('B004GIM68G', 5.0)","('B0089JVDPK', 4.985084347584405)","('B00DCNBST4', 4.960141427731116)","('B002LB75AO', 4.950947012644723)","('B0013CSGBE', 4.946482542812427)","('B000142C1A', 4.938852907090485)"
AXK3KYH8NQ9G2,"('B000YJ2SKM', 5.0)","('B002LB75AO', 4.991649913167187)","('B00IP42FBA', 4.947866112581265)","('B004Z209HS', 4.943813044415308)","('B004GIM68G', 4.942203178732674)","('B0013CSGBE', 4.913259176644195)","('B001ECQ4YO', 4.898096761128875)"
A2LW5AL0KQ9P1M,"('B004GIM68G', 4.23161981844661)","('B000YJ2SKM', 4.21380735466232)","('B002LB75AO', 4.205469739267178)","('B00013YYS0', 4.18467624728547)","('B004Z209HS', 4.167523086169045)","('B003O5NGJK', 4.1564502513498125)","('B003VX1KF2', 4.124737598606958)"
AZ9JPUSCI0V49,"('B004GIM68G', 4.65608759720471)","('B000142C1A', 4.617205700798218)","('B004YZMKKU', 4.585406629176158)","('B005TT8RPM', 4.584783584106227)","('B000YJ2SKM', 4.57310073047341)","('B00IP42FBA', 4.567046726161585)","('B001ECQ5CA', 4.538839664374247)"
A1X64HF17UU8TX,"('B00013YYS0', 5.0)","('B00014D5O8', 5.0)","('B000UGVVHK', 5.0)","('B000YJ2SKM', 5.0)","('B0013CSGBE', 5.0)","('B0018DAUKI', 5.0)","('B001ECQ4YO', 5.0)"
A2D4FQHV506EPB,"('B000YJ2SKM', 4.856175022238199)","('B002LB75AO', 4.8342544863194785)","('B004GIM68G', 4.806587518912028)","('B00IP42FBA', 4.799446218448883)","('B001ECQ4YO', 4.78460770667851)","('B004YZMKKU', 4.783554957167399)","('B001H54SQ4', 4.759306474857522)"
A158CH42BGFN68,"('B000142C1A', 5.0)","('B000YJ2SKM', 5.0)","('B0012RQZ72', 5.0)","('B0013CSGBE', 5.0)","('B002LB75AO', 5.0)","('B004GIM68G', 5.0)","('B004Z209HS', 5.0)"
A2SSV6KM3W1VFD,"('B000052YP6', 5.0)","('B0000535UT', 5.0)","('B0000536M2', 5.0)","('B00005REAT', 5.0)","('B00005V5P6', 5.0)","('B00008J2XQ', 5.0)","('B0000Y3D4G', 5.0)"
A1X3ESYZ79H59E,"('B000YJ2SKM', 4.569716738570508)","('B002LB75AO', 4.524159405649167)","('B00013YYS0', 4.513539859814491)","('B004GIM68G', 4.4834402503951605)","('B004Z209HS', 4.470409940920299)","('B000UGVVHK', 4.469601516695549)","('B00GTBZXA6', 4.454806171285843)"
A25C2M3QF9G7OQ,"('B000YJ2SKM', 4.906197835153397)","('B002LB75AO', 4.879068487661874)","('B00DCNBST4', 4.837813203027019)","('B005HO0A1I', 4.832386546459403)","('B002LFLPEC', 4.815549661616941)","('B00F008GFQ', 4.807523351585854)","('B004YZMKKU', 4.803806617121446)"
ACJT8MUC0LRF0,"('B000C1VT0W', 5.0)","('B000YJ2SKM', 5.0)","('B0010XUU9M', 5.0)","('B0013CSGBE', 5.0)","('B001ECQ4YO', 5.0)","('B002LB75AO', 5.0)","('B003ZTVDBS', 5.0)"
A1I6U5AQAT3ZG9,"('B000YJ2SKM', 4.8593943672995445)","('B002LB75AO', 4.829085742226273)","('B004GIM68G', 4.816200471191401)","('B00DCNBST4', 4.7906962893027245)","('B004ITB3IW', 4.777447347792414)","('B002LFLPEC', 4.769292205039405)","('B004Z209HS', 4.766306991762155)"
A2P739KOM4U5JB,"('B000YJ2SKM', 4.253567650840029)","('B004GIM68G', 4.246076878838081)","('B002LB75AO', 4.199236432735629)","('B00H93NJLS', 4.19357392395028)","('B00CYDSAO4', 4.191530817361837)","('B00GDLML02', 4.160068761993477)","('B00DCNBST4', 4.15306635003592)"
ATANE2SC44592,"('B000YJ2SKM', 5.0)","('B0013CSGBE', 5.0)","('B004WC2H8A', 5.0)","('B00F008GFQ', 4.998856339881191)","('B004Z209HS', 4.991745036665766)","('B002LB75AO', 4.980402603241775)","('B003GC4GHM', 4.967973011220771)"
A1UQBFCERIP7VJ,"('B00013YYS0', 5.0)","('B000142C1A', 5.0)","('B000UGVVHK', 5.0)","('B000YJ2SKM', 5.0)","('B0010XUU9M', 5.0)","('B0013CSGBE', 5.0)","('B0029OAL86', 5.0)"
A3J029KBNG5MNP,"('B001ECQ4YO', 4.834427591749405)","('B004GIM68G', 4.82479493342845)","('B002LB75AO', 4.820838052726693)","('B000YJ2SKM', 4.802201815705557)","('B00IP42FBA', 4.80174880393028)","('B003O5NGJK', 4.801457583756955)","('B00DCNBST4', 4.799957680568582)"
AGEKVD8JPZQMT,"('B000YJ2SKM', 4.493235630486965)","('B004GIM68G', 4.490816195777995)","('B00DCNBST4', 4.37930965897387)","('B0089JVDPK', 4.361271795407017)","('B004ITB3IW', 4.330531400687643)","('B002LB75AO', 4.330073417392672)","('B000UGVVHK', 4.32093209211942)"
AAA0TUKS5VBSA,"('B000YJ2SKM', 4.603526492613002)","('B005HO0A1I', 4.5968492180043)","('B002LB75AO', 4.582998437417704)","('B0089JVDPK', 4.572792897602291)","('B004GIM68G', 4.570223975577238)","('B00GDLML02', 4.534678482516452)","('B004YZMKKU', 4.516350186827039)"
A2X3L31KCXBHCL,"('B004GIM68G', 4.849497286686853)","('B000YJ2SKM', 4.785435712714437)","('B00013YYS0', 4.768424592632339)","('B00IP42FBA', 4.7516275695732855)","('B004Z209HS', 4.748764470950907)","('B002LB75AO', 4.730311521617549)","('B005HO0A1I', 4.725490540827559)"
A16YU3GRGCD95S,"('B00011QTZI', 5.0)","('B00013YYS0', 5.0)","('B000142C1A', 5.0)","('B00014D5O8', 5.0)","('B0002Z8HAI', 5.0)","('B0009STDD8', 5.0)","('B000C1VT0W', 5.0)"
A3S8D4BMVASTF9,"('B0013CSGBE', 5.0)","('B002LB75AO', 5.0)","('B004GIM68G', 5.0)","('B004YZMKKU', 5.0)","('B00HSNWZKU', 4.997478272590082)","('B00IP42FBA', 4.964249318716853)","('B00013YYS0', 4.956308720377656)"
A1M1Y5UGONAW06,"('B00011QTZI', 5.0)","('B00013YYS0', 5.0)","('B000142C1A', 5.0)","('B00014D5O8', 5.0)","('B0001TQ9WI', 5.0)","('B0002Z8QG8', 5.0)","('B000C1VT0W', 5.0)"
AJRFZ0VZ0LD26,"('B00011QTZI', 5.0)","('B00013YYS0', 5.0)","('B000142C1A', 5.0)","('B000UGVVHK', 5.0)","('B000YJ2SKM', 5.0)","('B0010XUU9M', 5.0)","('B00120U5D4', 5.0)"
A1T61QP7QHYBRQ,"('B000YJ2SKM', 5.0)","('B0013CSGBE', 5.0)","('B0029OAL86', 5.0)","('B002LB75AO', 5.0)","('B004GIM68G', 5.0)","('B004WC2H8A', 5.0)","('B004YZMKKU', 5.0)"
A2R1HUYHXV7H18,"('B000YJ2SKM', 4.885179550660303)","('B00DCNBST4', 4.83625366316835)","('B002LB75AO', 4.802961923093054)","('B004ITB3IW', 4.777099476084023)","('B005HO0A1I', 4.769470656145883)","('B002LFLPEC', 4.767562173710298)","('B004Z209HS', 4.7592639296181005)"
A19HDB4BN6RFFT,"('B0089JVDPK', 4.963348393354566)","('B001ECQ4YO', 4.923262191853206)","('B000P257CO', 4.916396609050965)","('B000142C1A', 4.915537692327427)","('B002LB75AO', 4.894902683765597)","('B0010XUU9M', 4.892657033901253)","('B000YJ2SKM', 4.869497281440114)"
A2D2XKSXEG3O7F,"('B00011QTZI', 5.0)","('B000142C1A', 5.0)","('B000YJ2SKM', 5.0)","('B0013CSGBE', 5.0)","('B001ECQ4YO', 5.0)","('B002LB75AO', 5.0)","('B003GC4GHM', 5.0)"
A3094EPI56GKZ6,"('9790790961', 5.0)","('B000050FET', 5.0)","('B000052WYN', 5.0)","('B000052YJM', 5.0)","('B000052YKM', 5.0)","('B000052YOR', 5.0)","('B000052YP6', 5.0)"
A390XPHE9J7DBO,"('B00005REAT', 5.0)","('B00008J2XQ', 5.0)","('B0000Y3D4G', 5.0)","('B00011QTZI', 5.0)","('B00013YYS0', 5.0)","('B000142C1A', 5.0)","('B00014D5O8', 5.0)"
A3QKHGW0O8FULN,"('B00DCNBST4', 4.961707975512568)","('B000YJ2SKM', 4.958553947862718)","('B002LB75AO', 4.945034939839343)","('B0013CSGBE', 4.894829572356312)","('B004ITB3IW', 4.8876426623702605)","('B004GIM68G', 4.886315686151906)","('B003O5NGJK', 4.8802139433308485)"
AJ0LVMSVJ0CN1,"('B00011QTZI', 5.0)","('B00013YYS0', 5.0)","('B000142C1A', 5.0)","('B00021CNCK', 5.0)","('B000C1VWCM', 5.0)","('B000EBAHHG', 5.0)","('B000UGVVHK', 5.0)"
A1APERZNMEU8PW,"('B0000535UT', 5.0)","('B0000536M2', 5.0)","('B00005REAT', 5.0)","('B00008J2XQ', 5.0)","('B0000Y3D4G', 5.0)","('B00011QTZI', 5.0)","('B00012NEYG', 5.0)"
A10Y59HW4O47N0,"('B000YJ2SKM', 5.0)","('B002LB75AO', 5.0)","('B002LFLPEC', 5.0)","('B004GIM68G', 5.0)","('B004YZMKKU', 5.0)","('B004Z209HS', 5.0)","('B004WC2H8A', 4.998538246829579)"
AY3D7DG5L5WCK,"('B000052YP6', 5.0)","('B0000536M2', 5.0)","('B00005REAT', 5.0)","('B00008J2XQ', 5.0)","('B00011QTZI', 5.0)","('B00013YYS0', 5.0)","('B000142C1A', 5.0)"
A36MP37DITBU6F,"('B004WC2H8A', 4.692480887390423)","('B004Z209HS', 4.6889795529945575)","('B000YJ2SKM', 4.685027838959188)","('B004GIM68G', 4.657850420232582)","('B002LB75AO', 4.650727246678332)","('B00DCNBST4', 4.649663717291987)","('B004ITB3IW', 4.6152845633927475)"
A5GPH59NDWJRB,"('B000YJ2SKM', 4.636869900472671)","('B004GIM68G', 4.546882020042502)","('B002LB75AO', 4.502862643479128)","('B004WC2H8A', 4.4969655972233715)","('B005HO0A1I', 4.482452881693699)","('B00120U5D4', 4.477832992429539)","('B004ITB3IW', 4.476376259155581)"
A33Y8C4818EJL0,"('B002LB75AO', 4.812848171062726)","('B00013YYS0', 4.765611720840976)","('B004YZMKKU', 4.762802144309361)","('B005HO0A1I', 4.7578689522292095)","('B00GTBZXA6', 4.752189421537196)","('B00DCNBST4', 4.75092127972215)","('B0013CSGBE', 4.739526823590363)"
A2DA2NJZ2RIYAB,"('9790790961', 5.0)","('B000052WYN', 5.0)","('B000052YJM', 5.0)","('B000052YKM', 5.0)","('B000052YOR', 5.0)","('B000052YP6', 5.0)","('B000052ZBD', 5.0)"
A1UMSB7LAW0RIR,"('B004GIM68G', 4.593194003531973)","('B000YJ2SKM', 4.568670927537616)","('B004Z209HS', 4.521405852959848)","('B000EBAHHG', 4.489914581843686)","('B005HO0A1I', 4.487245935897073)","('B00DCNBST4', 4.485569913331505)","('B00IP42FBA', 4.475882570052175)"
A2QDOJFFLFGF18,"('B0000YUX4O', 5.0)","('B00011QTZI', 5.0)","('B00013YYS0', 5.0)","('B000142C1A', 5.0)","('B00014D5O8', 5.0)","('B0001TQ9WI', 5.0)","('B0002UEDWE', 5.0)"
AHUT55E980RDR,"('B002LB75AO', 4.960322636554052)","('B004Z209HS', 4.906912476059943)","('B000YJ2SKM', 4.8954243486931)","('B00DCNBST4', 4.876824954940443)","('B001ECQ4YO', 4.86877248411323)","('B00F008GFQ', 4.862762672573934)","('B004ITB3IW', 4.857980722492221)"
A2ZKQC0XCIIAEM,"('B000YJ2SKM', 5.0)","('B002LB75AO', 4.999151706350438)","('B00IP42FBA', 4.998598254417607)","('B004GIM68G', 4.9651600922042185)","('B005HO0A1I', 4.953514120112863)","('B0013CSGBE', 4.9484606143776935)","('B004Z209HS', 4.942262314671893)"
A3FBM0RMCMAABV,"('B000052YP6', 5.0)","('B0000536M2', 5.0)","('B00008J2XQ', 5.0)","('B00011QTZI', 5.0)","('B00013YYS0', 5.0)","('B000142C1A', 5.0)","('B00014D5O8', 5.0)"
A2YW1MG1GKU8XD,"('B000YJ2SKM', 4.3805214973926665)","('B004GIM68G', 4.360988486095184)","('B00013YYS0', 4.348969499615035)","('B002LB75AO', 4.347091259022142)","('B00IP42FBA', 4.324453825631028)","('B001ECQ4YO', 4.317596569686014)","('B0029OAL86', 4.290210469138465)"
A2V92F5R7MLCVI,"('B000YJ2SKM', 4.442235889066034)","('B004GIM68G', 4.384701412040379)","('B00IP42FBA', 4.368817407638337)","('B001ECQ4YO', 4.356551495570613)","('B004Z209HS', 4.353082782257233)","('B0089JVDPK', 4.340357432045106)","('B004S9SEWK', 4.3237333440059516)"
A3D9NUCR4RXDPY,"('B000YJ2SKM', 4.487573609174905)","('B002LB75AO', 4.464034268822477)","('B004GIM68G', 4.450962966141474)","('B001ECQ4YO', 4.422738369142348)","('B00DCNBST4', 4.411253591208458)","('B00GDLML02', 4.403735857094261)","('B00CYDSAO4', 4.372031565731736)"
AE91PZDT0F9WO,"('B000YJ2SKM', 4.141005332998388)","('B00120U5D4', 4.135380740211786)","('B0029OAL86', 4.110391723470911)","('B004GIM68G', 4.086786700059872)","('B005HO0A1I', 4.073339397555887)","('B002LB75AO', 4.057702334964994)","('B0018DAUKI', 4.057112906928944)"
A2YB7DLC3FOR7W,"('B000YJ2SKM', 4.85927887436928)","('B004GIM68G', 4.826304911271528)","('B002LB75AO', 4.7763435556304)","('B0001TQ9WI', 4.742776840020326)","('B0029OAL86', 4.73767934099097)","('B004WC2H8A', 4.725578194571148)","('B00DCNBST4', 4.709655602027302)"
A1PTBXZG04GT29,"('B00011QTZI', 5.0)","('B00013YYS0', 5.0)","('B000142C1A', 5.0)","('B00014D5O8', 5.0)","('B0002YE8V6', 5.0)","('B0009EILKS', 5.0)","('B0009MHJE4', 5.0)"
A3IQXED40ZZ2T2,"('9790790961', 5.0)","('B000052YJM', 5.0)","('B000052YP6', 5.0)","('B000052ZBD', 5.0)","('B0000531SW', 5.0)","('B0000535UT', 5.0)","('B0000536M2', 5.0)"
ACR4HKUT808U1,"('B0013CSGBE', 4.6116801352635335)","('B000EBAHHG', 4.571068070476293)","('B004S9SEWK', 4.563249572127165)","('B000142C1A', 4.545381528272359)","('B00011QTZI', 4.540784171285931)","('B0089JVDPK', 4.538488258637982)","('B005HO0A1I', 4.535075608106006)"
A1BS22O15EOQ9S,"('B000YJ2SKM', 5.0)","('B002LB75AO', 5.0)","('B00IP42FBA', 5.0)","('B004GIM68G', 4.985522626182476)","('B001ECQ4YO', 4.978857042509667)","('B00F008GFQ', 4.943601744040473)","('B0013CSGBE', 4.942388798910556)"
A8O12DCHIADYU,"('B0029OAL86', 4.537250160484252)","('B000Q2RP7I', 4.474753334782333)","('B002LB75AO', 4.467810976388532)","('B00F008GFQ', 4.458510307717878)","('B0013CSGBE', 4.45299774903698)","('B00IP42FBA', 4.446150565937759)","('B005HO0A1I', 4.400936458651456)"
A6XHF110BC856,"('B00011QTZI', 5.0)","('B00013YYS0', 5.0)","('B000142C1A', 5.0)","('B00014D5O8', 5.0)","('B0001TQ9WI', 5.0)","('B0002YE8V6', 5.0)","('B0002Z8QG8', 5.0)"
A2KUUIJ52MWDAS,"('B004YZMKKU', 4.748367324720495)","('B004Z209HS', 4.746664234649383)","('B004GIM68G', 4.727944256966348)","('B0018DAUKI', 4.683533530027477)","('B00013YYS0', 4.678631690183331)","('B002LB75AO', 4.663085016622923)","('B0013CSGBE', 4.646083227348595)"
A261I3UFZG30Z6,"('9790790961', 5.0)","('B000052YKM', 5.0)","('B000052YP6', 5.0)","('B000052ZBD', 5.0)","('B0000535UT', 5.0)","('B0000536M2', 5.0)","('B00005NAOD', 5.0)"
A35LT14WG5BX0T,"('B002LB75AO', 4.885769520779428)","('B000YJ2SKM', 4.845670191119085)","('B004Z209HS', 4.79962769876603)","('B00011QTZI', 4.790040996057214)","('B001ECQ4YO', 4.773936547852283)","('B0010XUU9M', 4.773659305091122)","('B0092MCO88', 4.759623497657282)"
A1ITRGMT80D5TK,"('B000YJ2SKM', 4.66237033124658)","('B00DCNBST4', 4.646879069698116)","('B002LB75AO', 4.6177323190116635)","('B004ITB3IW', 4.608939302828725)","('B0089JVDPK', 4.579918413547568)","('B00HSNWZKU', 4.571158019651802)","('B004GIM68G', 4.561736690809728)"
A1VUN4JU731CBH,"('B004Z209HS', 4.147830614982215)","('B0089JVDPK', 4.139481114717316)","('B00F008GFQ', 4.120599533260744)","('B002LFLPEC', 4.120096960033115)","('B000UGVVHK', 4.118714256524995)","('B0010XUU9M', 4.108782858597292)","('B002VBRPZO', 4.107234625618635)"
A3S3VSXEFXBMRC,"('B004GIM68G', 4.50172826239878)","('B000YJ2SKM', 4.490265034972299)","('B002LB75AO', 4.373984840902702)","('B001ECQ4YO', 4.366750726663994)","('B003O5NGJK', 4.364775167454483)","('B0013CSGBE', 4.3608373899769965)","('B00DCNBST4', 4.341407311479835)"
A3FWVV13DJELLV,"('B000YJ2SKM', 4.734749631438726)","('B00IP42FBA', 4.603088163944849)","('B002LB75AO', 4.584147148944619)","('B001ECQ4YO', 4.583464126112364)","('B004Z209HS', 4.577991786762245)","('B00DCNBST4', 4.570354484589416)","('B004ITB3IW', 4.5399792883513514)"
A1APT9S64ARZYX,"('B00011QTZI', 5.0)","('B000142C1A', 5.0)","('B0009STDD8', 5.0)","('B000C1VT9S', 5.0)","('B000EEX7TI', 5.0)","('B000HRVC5I', 5.0)","('B000OW9QCW', 5.0)"
A22ZFXQE8AWPEP,"('B004YZMKKU', 3.3631354968956493)","('B004GIM68G', 3.355772268821594)","('B00013YYS0', 3.3355072035239646)","('B000YJ2SKM', 3.276971094279326)","('B000AA5VZY', 3.250225703749176)","('B004WC2H8A', 3.2364708020545514)","('B000142C1A', 3.2249408595461793)"
APVEFBIJPTYWU,"('B000YJ2SKM', 5.0)","('B001ECQ4YO', 5.0)","('B002LB75AO', 5.0)","('B004GIM68G', 5.0)","('B00DCNBST4', 5.0)","('B00GDLML02', 4.972051028312459)","('B0013CSGBE', 4.969234093281257)"
AMG0JC609SOW8,"('B0029OAL86', 4.296021604557122)","('B002LB75AO', 4.229659998465632)","('B000AA5VZY', 4.229421521594288)","('B0010XUU9M', 4.226547329074335)","('B001ECQ4YO', 4.222738367185858)","('B00F008GFQ', 4.2225973375552845)","('B000P257CO', 4.218012938744004)"
A2CQ2X9H9HY6W0,"('B0013CSGBE', 4.975990477169473)","('B004GIM68G', 4.960944538866473)","('B005HO0A1I', 4.959861321261681)","('B000YJ2SKM', 4.944546133370619)","('B002LFLPEC', 4.943696966632412)","('B000UGVVHK', 4.936543341014079)","('B00F008GFQ', 4.927619490398795)"
A2CZ98V784SRJ0,"('B004GIM68G', 4.936091492105032)","('B002LB75AO', 4.881955472196053)","('B000142C1A', 4.876992811606535)","('B0089JVDPK', 4.84606440952516)","('B004YZMKKU', 4.832769561782438)","('B00H93NJLS', 4.820524136427866)","('B0029OAL86', 4.810391515176259)"
A34GQ3JF4BGFYV,"('B000YJ2SKM', 4.888925443105982)","('B0029OAL86', 4.874029861633025)","('B0089JVDPK', 4.854636042678807)","('B004GIM68G', 4.836342945405588)","('B002LB75AO', 4.818075406666179)","('B00013YYS0', 4.783274235097232)","('B00IP42FBA', 4.780904915606725)"
A135SX8ESCQV9B,"('9790790961', 5.0)","('B000052WYN', 5.0)","('B000052XZP', 5.0)","('B000052YJM', 5.0)","('B000052YKM', 5.0)","('B000052YOR', 5.0)","('B000052YP6', 5.0)"
AH59DZ5AXO8PR,"('9790790961', 5.0)","('B000052WYN', 5.0)","('B000052YJM', 5.0)","('B000052YKM', 5.0)","('B000052YP6', 5.0)","('B000052ZBD', 5.0)","('B0000531SW', 5.0)"
ALEW5AUKCRWHN,"('9790790961', 5.0)","('B000052WYN', 5.0)","('B000052YKM', 5.0)","('B000052YP6', 5.0)","('B000052ZBD', 5.0)","('B0000531SW', 5.0)","('B0000535RD', 5.0)"
AAEVYY0PHQUUL,"('9790790961', 5.0)","('B000052WYN', 5.0)","('B000052YJM', 5.0)","('B000052YKM', 5.0)","('B000052YP6', 5.0)","('B000052ZBD', 5.0)","('B0000531SW', 5.0)"
A3R5GTYQ50QVMD,"('B0013CSGBE', 4.521069124867179)","('B002LB75AO', 4.5090608659337885)","('B000YJ2SKM', 4.500566779453309)","('B004GIM68G', 4.494329500136837)","('B003O5NGJK', 4.450947847711152)","('B005HO0A1I', 4.4320454847674196)","('B00ALV8EL0', 4.4278126725442934)"
A3U029B8Z5WGI2,"('B004GIM68G', 4.795206066975936)","('B000YJ2SKM', 4.761041801221748)","('B004Z209HS', 4.760689966978613)","('B001ECQ4YO', 4.753686480203338)","('B0013CSGBE', 4.749458053880803)","('B0092MCO88', 4.738529825486024)","('B005HO0A1I', 4.72576031409617)"
A3GNEPABXLTKON,"('B000052ZBD', 5.0)","('B0000536M2', 5.0)","('B00005REAT', 5.0)","('B0000Y3D4G', 5.0)","('B0000Y8H3S', 5.0)","('B00011QTZI', 5.0)","('B00013YYS0', 5.0)"
A3N3ZTC5LDWDWD,"('B000YJ2SKM', 4.570462318144605)","('B004Z209HS', 4.549097484763694)","('B004GIM68G', 4.540478584736877)","('B00IP42FBA', 4.492550986020763)","('B002LB75AO', 4.479044999422733)","('B005HO0A1I', 4.4669638238942335)","('B00DCNBST4', 4.466033596477901)"
A100WO06OQR8BQ,"('B002LB75AO', 4.475237087135922)","('B0089JVDPK', 4.389556300583883)","('B004YZMKKU', 4.360530477537543)","('B005OU4J6C', 4.348839063486815)","('B000P22TIY', 4.339725615875414)","('B004Z209HS', 4.329907816165305)","('B00F008GFQ', 4.329634351721848)"
A2SZLNSI5KOQJT,"('B00IP42FBA', 4.447954444263358)","('B000YJ2SKM', 4.379537891764468)","('B004GIM68G', 4.367936942248437)","('B002LB75AO', 4.343201598126425)","('B005HO0A1I', 4.301664071692753)","('B0029OAL86', 4.297906052609357)","('B004Z209HS', 4.286126164088128)"
A2I5QH4F5FDKK5,"('B000YJ2SKM', 4.912955548854549)","('B004GIM68G', 4.856406804844709)","('B00DCNBST4', 4.846366645587597)","('B004YZMKKU', 4.840790322724484)","('B002LB75AO', 4.8286155888316475)","('B0013CSGBE', 4.821280297766571)","('B001ECQ4YO', 4.8199681545330755)"
A37J8XKLNOX2RO,"('B00011QTZI', 5.0)","('B00013YYS0', 5.0)","('B000142C1A', 5.0)","('B000142FVW', 5.0)","('B0001TQ9WI', 5.0)","('B00021C1LI', 5.0)","('B00021CNCK', 5.0)"
A6X1O3A5C5FX1,"('B002LB75AO', 4.73991465437375)","('B004Z209HS', 4.652266474601481)","('B0013CSGBE', 4.620467496945209)","('B00IP42FBA', 4.596175853915124)","('B0089JVDPK', 4.595213571972305)","('B003GC4GHM', 4.5807512893771385)","('B0018DAUKI', 4.5642501745118516)"
A2K4HN6EECBNR3,"('B0001TQ9WI', 5.0)","('B000C1VT9S', 5.0)","('B000EBAHHG', 5.0)","('B000HRVC5I', 5.0)","('B000Q2RP7I', 5.0)","('B000YJ2SKM', 5.0)","('B0013CSGBE', 5.0)"
A1GT3775JP80UF,"('B000YJ2SKM', 4.992457535660164)","('B004GIM68G', 4.968540456046225)","('B004Z209HS', 4.957243285002564)","('B0013CSGBE', 4.954118312695308)","('B00IP42FBA', 4.939142495273513)","('B002LB75AO', 4.911260501961426)","('B001ECQ4YO', 4.8953620599230785)"
A2F4FJ3BIZ68GJ,"('B002LB75AO', 4.994290841067011)","('B004GIM68G', 4.980463461023912)","('B000YJ2SKM', 4.964627414521788)","('B00GDLML02', 4.937096071784102)","('B00IP42FBA', 4.934447044981306)","('B001ECQ4YO', 4.921721811693675)","('B005HO0A1I', 4.917784621990851)"
A3NM1MT3Q2FHXV,"('B000YJ2SKM', 4.635075120742903)","('B004GIM68G', 4.61784690971955)","('B00IP42FBA', 4.570889988248441)","('B002LB75AO', 4.55573160239668)","('B00DCNBST4', 4.547275988285571)","('B004YZMKKU', 4.533762621603435)","('B0089JVDPK', 4.522344086802826)"
A2ZHH7AK83JB5G,"('B000YJ2SKM', 4.428487877570424)","('B004YZMKKU', 4.3905036411667595)","('B002LB75AO', 4.3861714740919036)","('B00IP42FBA', 4.364999858977807)","('B004GIM68G', 4.348829053243505)","('B000142C1A', 4.3478812037641035)","('B00013YYS0', 4.344254277718064)"
A18JF0T0GOCORW,"('B0001TQ9WI', 5.0)","('B000UGVVHK', 5.0)","('B000YJ2SKM', 5.0)","('B0013CSGBE', 5.0)","('B001ECQ4YO', 5.0)","('B0029OAL86', 5.0)","('B002LB75AO', 5.0)"
A3GKD8MAHURH91,"('B00013YYS0', 5.0)","('B000YJ2SKM', 5.0)","('B0012RQZ72', 5.0)","('B0013CSGBE', 5.0)","('B001ECQ4YO', 5.0)","('B001EWF2SI', 5.0)","('B002LB75AO', 5.0)"
A6QG9LM5WL0AQ,"('B000YJ2SKM', 5.0)","('B002LB75AO', 5.0)","('B00DCNBST4', 5.0)","('B004GIM68G', 4.98526699890984)","('B004Z209HS', 4.977460878978034)","('B005HO0A1I', 4.950366974713052)","('B0089JVDPK', 4.948312032980597)"
A1ZGHA3IJV01BK,"('B004GIM68G', 4.87752773411879)","('B000YJ2SKM', 4.865327892947002)","('B001ECQ4YO', 4.841839747685447)","('B00013YYS0', 4.803568172938833)","('B004YZMKKU', 4.792233237967394)","('B002LB75AO', 4.791033363177297)","('B00GDLML02', 4.776142646851775)"
A35HOUWHAYZZN6,"('B004GIM68G', 5.0)","('B00IP42FBA', 4.959255723833552)","('B0013CSGBE', 4.951471615973111)","('B000YJ2SKM', 4.947808220463379)","('B002LB75AO', 4.930890593466995)","('B004WC2H8A', 4.926525716566016)","('B005HO0A1I', 4.926008971117638)"
A11I1I9QLMAM1A,"('B000YJ2SKM', 5.0)","('B0013CSGBE', 5.0)","('B002LB75AO', 5.0)","('B004GIM68G', 5.0)","('B00IP42FBA', 5.0)","('B00HSNWZKU', 4.995960028534222)","('B004Z209HS', 4.9900360957971595)"
A2UM324B00HBC8,"('B004GIM68G', 4.811215536446487)","('B000YJ2SKM', 4.766774161433797)","('B00IP42FBA', 4.722708427868978)","('B002LB75AO', 4.716018026508513)","('B004S9SEWK', 4.692226726637835)","('B005HO0A1I', 4.686369033842186)","('B000142C1A', 4.677969684691068)"
A3LJLRIZL38GG3,"('B000142C1A', 5.0)","('B000UGVVHK', 5.0)","('B000YJ2SKM', 5.0)","('B0010XUU9M', 5.0)","('B0013CSGBE', 5.0)","('B001ECQ4YO', 5.0)","('B002LB75AO', 5.0)"
AG05BT5GLNYLZ,"('B000EBAHHG', 5.0)","('B000YJ2SKM', 5.0)","('B0019LWU2K', 5.0)","('B002LB75AO', 5.0)","('B002LFLPEC', 5.0)","('B003GC4GHM', 5.0)","('B004EWS5F2', 5.0)"
A177B2VPWX4P55,"('B00011QTZI', 5.0)","('B00013YYS0', 5.0)","('B000142C1A', 5.0)","('B00021CNCK', 5.0)","('B000AA5VZY', 5.0)","('B000C1Z29Q', 5.0)","('B000EBAHHG', 5.0)"
AGKAEFSFYWBDF,"('B000YJ2SKM', 3.031013092975249)","('B002LFLPEC', 3.0111723246089745)","('B00IP42FBA', 3.0069955032560904)","('B004YZMKKU', 2.939432315856735)","('B00DCNBST4', 2.936153730888157)","('B004Z209HS', 2.9249732240827906)","('B0018DAUKI', 2.8958207079624017)"
AMLLGCP82ZO7C,"('B002LB75AO', 5.0)","('B004GIM68G', 5.0)","('B004YZMKKU', 4.979576435375387)","('B0029OAL86', 4.959498545593731)","('B005HO0A1I', 4.954717818911883)","('B000YJ2SKM', 4.951978087478139)","('B00H93NJLS', 4.951313281851368)"
A1A3R2SG60TOR0,"('B00IP42FBA', 4.7258127209912155)","('B00DCNBST4', 4.722611009038052)","('B000YJ2SKM', 4.7131500473286385)","('B0089JVDPK', 4.692763494025639)","('B002LB75AO', 4.6825112718584405)","('B00120U5D4', 4.672710222315036)","('B0029OAL86', 4.6606989865676205)"
A3VN4P1607UR2U,"('9790790961', 5.0)","('B000052WYN', 5.0)","('B000052XZP', 5.0)","('B000052YJM', 5.0)","('B000052YOR', 5.0)","('B000052YP6', 5.0)","('B000052ZBD', 5.0)"
A2G3V7O4WP5F36,"('B000YJ2SKM', 4.959100984686965)","('B004GIM68G', 4.958597856282818)","('B004WC2H8A', 4.91231801748786)","('B002LB75AO', 4.906347270440616)","('B000UGVVHK', 4.90612151849705)","('B005HO0A1I', 4.903329814815947)","('B0089JVDPK', 4.900994445358288)"
A2QWHEI914GHRZ,"('B0000535UT', 5.0)","('B00005REAT', 5.0)","('B00008J2XQ', 5.0)","('B0000Y3D4G', 5.0)","('B00011QTZI', 5.0)","('B00012NEYG', 5.0)","('B00013YYS0', 5.0)"
A1Q1Z7IR79G52A,"('9790790961', 5.0)","('B000052YP6', 5.0)","('B0000535UT', 5.0)","('B00005REAT', 5.0)","('B00008J2XQ', 5.0)","('B0000UTUW4', 5.0)","('B00011QTZI', 5.0)"
